Nucleotide ID,Organism,Product,Protein ID,Gene,Start,End,Strand,CDS Length,Sequence
NZ_CP011924.1,Pseudoalteromonas piscicida,type II secretion system major pseudopilin GspG,WP_010368615.1,gspG,1,244,1,243,MKNKQDGFTMMELLIVIVILGLLMSLVAPKFFAQLSSSERKIAAAQMSAFETALDTYRLDVGSYPSKLEELRSSSNKRWNGPYLPKAIPNDPWGNAYVYKLSGEGETPYLLKSLGADGQEGGEGKNEDIVHM
NZ_CP011924.1,Pseudoalteromonas piscicida,type II/IV secretion system protein,WP_010368613.1,,246,1889,1,1643,MESILVNQYDVSPTDLANAKQYQKKFGGRIENILVNMGSLSEDQLPHIISLSLDLPLFDISFLDTLSSFEGSSKEIAELIELGHLPFRVTEHCISIASTDPLDVKLHDWAARQSCELKFFVAAKEDIEAISRKLFTSKNTEFEIELTEEEEKLRALASEAPVVNLLNSLISRGLRQGASDMHLEPFQSKYRVRFRVDGVLHEAEQIPQHMELPIVTRLKILSGMDIAEKRRPQDGKIEMKIANEELDIRVSSLPLNDGESMVLRFLRKESINYDIEVLGLSDDIKSSLLGDIKKTAGVVLLTGPTGSGKTTTLYTFLNTLNNDDVKIITLEDPVEYQLDGVNQVQVNKNIGFDFSAGLRSIVRQDPDIIMLGEIRDQETAQIALQSALTGHLVFSTVHTNDAASAYTRLLDLGVEEFLLNAALISVVAQRLVRKVCSNCSEPVENIDMLVEQYGLQSLADKFHIKTMNLRKGKGCELCNHTGYKGRLAVTEYLACDETIRALPKDSQFITSAKAHNAKNERRTLMEDGLYKALQGLTTIDEVVRVAG
NZ_CP011924.1,Pseudoalteromonas piscicida,type II secretion system F family protein,WP_010368611.1,,1889,3091,1,1202,MKSFDYRAYDQSGAKFEGKISALDKKSAYEALAKDGLVPYEIKVNDSQKKRSFFGESKVSLKDIEFFTSELSLLLATGIRIDKGLNIIARTKAKPALAGVINSLSSEIKSGNSLSQALRKHDKVFDSLYCNLVELGESTGELNTVFKGLARDLKFRRTLQGKIVSSLTYPAVIFFVCILSIFFIFNVIIPKMADMFSQAENLPWYTELMLNLSEFVTRFQIPIIAASVFSVAGLVSLFNSKKYQGLIDRLMLRLPILCNATLTLERIRFNSGLALMVNSGLAIDKALELASNNIKNTILTSEVNIAQKKVKEGESLSKTLSQTSIYPPFYISLLEVGEETGSLGPVFDEISSRSREDFEYWTERLTAILEPLMILFMGVFVGGVVVIMLMSMVSLNEVSF
NZ_CP011924.1,Pseudoalteromonas piscicida,prepilin-type N-terminal cleavage/methylation domain-containing protein,,,3092,3151,1,59,
NZ_CP011924.1,Pseudoalteromonas piscicida,type II secretion system protein,WP_248694113.1,,3188,3490,1,302,MTVSAIDRATEKSELQETKMWLKNLGNRAFLLGTEILVEVERDKISIYNDVSKTSMLDSKAFKKLEFEPTLVRVNSQGFASPNSISFRYLGNESHFQFND
NZ_CP011924.1,Pseudoalteromonas piscicida,hypothetical protein,WP_249031224.1,,3513,3926,1,413,MVEILVSVVILVTTITGVSMIYRGALVSSEKAQSHVAMAAKIPAILHQAQKQIRAAEFNSTQLSDQTTLGQVSYEWQANTISKKEIRGNNRAKNESMIEQNLDYNEYKLWRVNLTVKFKGAQEQFEFYEVSWKYASR
NZ_CP011924.1,Pseudoalteromonas piscicida,prepilin-type N-terminal cleavage/methylation domain-containing protein,WP_010368605.1,,3913,4587,1,674,MPHDNRGFTLVEMLIAITILSMVLVTGNYVYFQLVSRWDSQLGNFQQTAKSTKLVYQLDRLLSAIQPYVIRNEQGIPVFLFEGGRSSILAVASSGLIYDQQPVVFRLSLIKDKSGNKLIYQSLKLAEQVVSSAQQQLNFTQSVVLLESVDTLELSYFGWRNLSDKAARVGHPVWQPKYSGIEQELVPSEISLTLQLGQQQLAVVTNLDPNPNRWLRHYFDSSNT
NZ_CP011924.1,Pseudoalteromonas piscicida,general secretion pathway protein GspK,WP_010368603.1,,4584,5444,1,860,MIKNNGIALIQVLVLTAILMIVAVFFSKTAKEQVNFSSQFQSLAKASVELHSVANLTLFNLLTFEKKPNDTYPANLLGYQETWNYHGAPFQASEYATVSLQDMRGLLNLNYPNQQRVLQILTSYGLSHYDAKLFYDTLVDYQSVEEGLQRRNGGAQYKHGALNSAFELANVTDDLKLIQFFEENSTVFKSSSFNPMTAPDALLMLLLPSQEFRGIKLLRDAKQLSSKAFSDITMIQENSGIILYPSNNYRISISVDINGTKVVKTYYYLLKPAKTNPVELVSVKIK
NZ_CP011924.1,Pseudoalteromonas piscicida,hypothetical protein,WP_010368602.1,,5447,6562,1,1115,MKNTLVNKLQQWFFCRFVNYYDNGFYDFKFADGKLQLEPVKKSKALITIYARPHYQEAVVKLPTTDKKQIKKILVAKREAVARDSIMLAGDIVVSGNQASINSWIYATTLPSSWIMLPETLLLAKSQSFYEVCDYSVGKAFYCALFSGLCLSGFKTSLISSHDRFAHSVGVSFEQTNTIELESTRNTLLLKGLKSEITNLPLFINKGHGVSLTKDLQSYGMIFGALFAIYLFVSSAFLAFYGVHLEGRLEGQKESVDTALNAINRFERGKLQLEERVALFADFDILSPTVKVIDALSQVSEVQSMEKSDSRIIIRGVAPSALAVLESLQQLDNVSDARFDFPIRNSGSQEQFVASFILDTSSAKVKLGEQW
NZ_CP011924.1,Pseudoalteromonas piscicida,hypothetical protein,WP_010368600.1,,6562,7122,1,560,MDEIKNKRGLLSILAILLILRFIIVPVFDWQEQRTAEIKQIEARLEKSSLIVKNQQSLDTAKEELGKRSDTLKLFIYPAANEADFRFQVQKELNEVINRHQLEVKNIGWLTRLEIESAALTRHQVRISVSGKTVNLQALLMEIDSKLNKVFVSEFKSTFKYLTSDSLGLSEATLVLAMYAQQEDEK
NZ_CP011924.1,Pseudoalteromonas piscicida,hypothetical protein,WP_010368598.1,,7119,7631,1,512,MTRNKLLFGVIIALGLMLHGVQSFSLVGEQTKVYDINLNLAGSALPKLNQPSLAAVSNVIEKYKDSSNTNSSSDSMSNDAKRAQTGKLFDFYLEDKQLRLKGVIGEGSRRFAIIEAIDVASQQPSLIRLTDGQQYQGYNVSIVDAKQVTFSRQEQKVTLVIYSNESLANG
NZ_CP011924.1,Pseudoalteromonas piscicida,secretin N-terminal domain-containing protein,WP_010368596.1,,7640,9688,1,2048,MKKFSQKLVLSSVVLCILSACGSTPRGVQVKDSYLTNADKNTNRSTVLLEKNKSSQKKVDFSGFTYLSAADSQRVESSEASELELQFDESHMVKLSIDTLLIRDFLHYVYGETLGINYILGQELSESKDKITLNFQKELSKRELFEISRDILEERGVTLRTNDGVLYIHKDSEGTANNFVYGYGNLIEDVPNTSNEIIQIAPYQAGVQASLAGTIKQLTRIDVRQLFEQKALLIKGKRRDVIKALEFMHLMDQPAFRNRQVAMYKAEFVSSEELSKDLLNLLKQDGISASLESSDEQAVSVVPIQRTNTLIFFSNDKRYLSRVAFWSEQLDKPADGNEKQFFIFEPEFARAVDLGQSLQRLFGQGSARLTASTSARGQNESNQQDTSAQPSNVAVKSDDLNMVVDERSNSLIFETTGEKYRSLLPLIKRLDVLPKQVVLEVLIAEVKLTDIFKQGVTFALSNLGADITGGFSLESKSDTGLTYSLKGASGNIALNLLETNSNVNVLSRPTLAVRDGVAANINVGDKIPVVGEIITSPDVGSQTSVNYLDTGIELTVTPTVNAQGVVLMEIEQKISSQSTSGSGAGGNPIILDRALKTEVIAGDGQTVMLGGLIDEKSTYNDRRVPFFSDIPLLGKVFDGTDNNVVKTELVVFVTPRIVQTTDNWDSILNEFKQTLMRLEVTN
NZ_CP011924.1,Pseudoalteromonas piscicida,hypothetical protein,WP_010368594.1,,10001,11317,1,1316,MFKKSLLALALAGVSVAANAGTVATTGAVNISLEGNKQAGSSVIAAADLGTITIDNGAEYIVNDVFQISLEGAEFDTTVNPTATTTGAATFAFVDFPNATTARFRVSTANNPDAAGGVITFGGFSLKTGSAADKGTIKFGAKAISVNASIGDYDVSKATTVATFRSQLTSALTKLDGEVSTSKGRKEFTNSGSTLKDVLTVDFTDNSADVDAITFSKVTHVLKGDFSYAIDYDADKDGKLSATELASAFTVAGTDDTYVLSINDAHTELTVTQTAVGTLDDITVDTNVKGETAKGSVITAPQSFTLASTATNAGSTASVAIAAKDAGKWTLDGSNDNITFMPFDAQYAQSINVTNTGSVVGAINVTLTAGGMSYSKTLDQTAAAKSVTNISQAVKAFAAESGITGNAHINVVVNAPSANISVDAIYYHKADADRVKTH
NZ_CP011924.1,Pseudoalteromonas piscicida,DegT/DnrJ/EryC1/StrS family aminotransferase,WP_010368592.1,,11442,12539,1,1097,MKYPIVKPYLPKLETYQKRIADIYDSGWVTNNGPCVQELEQALADYLDVEHVLLVANGTLALNIAYQALGISGTVLTTPYSFAATASSLITHGASPEFIDIDGKTLNIDITTATESQLQSASAVVAVHVYGNPCDDAQLQRIAEKYNLKVVYDAAHTFGVNYQDKSLLAYGDAATVSFHATKIFHTIEGGAVIFKHKKDYLKAKEIINFGFNKQQFPDCVGTNAKMSEMHAAMGLSLLPQFEEIKVHRQSLYQHYEAALGDMVDTIEWMPSSLPNGSYFPIFLQNEAELLSLVDVLTQSGIQSRRYFYPSLNEVPAYGMKGNTPIANDISRRALCLPMYTELTKQGVDEIASVVIEHLKEFRKAK
NZ_CP011924.1,Pseudoalteromonas piscicida,acyltransferase,WP_010368590.1,,12539,13114,1,575,MSHYTREELLTLGFAKVGQNCLVSKKASFYGTKNIELGDSVRIDDFCVLSAGEGGIKLGCYIHIAVYTCLIGAGAIEVANYCNISSRVAIYSSSDDYSGEWMTNPMVDNAFTNVEHGTVTLQPHVIIGSGSVILPNVTLYEGVAVGALSLVNKDLEPFTIYAGQPVRFIKPRKRDLLKWQLDFEHKLSLPS
NZ_CP011924.1,Pseudoalteromonas piscicida,TDP-N-acetylfucosamine:lipid II N-acetylfucosaminyltransferase,WP_010368588.1,,13111,14133,1,1022,MIIHIFADTPHHFRPMQAFFSKLPFIDQEFWVKSENDETLLQQGFKCYSNNDELFHLLNALPDNARVTFHGVFDIHTWKRLLLHPITAKSNCVLWGAEIYRHQKPGRNIKERLARVIHSALLFRFNRVFALNQGDAELTSKLLFRRNVEVLPYPLIGMKVQETKVNPVIQILIGNSAAASNRHNFIIDMLSKFKAVDFEVIACLNYGGEQSYIDDVVRHGHNTFGSRFKPITKMLAKSEYDQLLNTVDATIFAQERQQGLYVAYAMFLMAKPMFLLESTSSYKDLSALGFELQSTNQLCNMSEEQFDISIKSKSAKNQQLMNEHFTEEALLPRWQKQLSE
NZ_CP011924.1,Pseudoalteromonas piscicida,MOP flippase family protein,WP_010368586.1,,14139,15554,1,1415,MTIIKSALSGVSWVASSTLIKGGLQLLQLIILARFLTPIELGITAAINLVIGFSQVFGDAGLSNAVIYHKSLNKSQLAQLYSVNLIFGALISTIVIVLAPVIASFFSVTELASLLVVLAPVFFIRSLSQQILAKLQQEMRFNLIAKIEVLSQVLAFSVVIGALLYEHTIWAVVYGQLTLASVLSICYLLFSNEHLLAPRRVHWAEVSEPIKYGLYQSGESLINYGSAQFDQLIVGKFLGPEKLGIYAYIKDLVFKPALQLINPIVNKVAFPLMVKFKESHSIKKMYLSMLGLLSYINIPLYSFIALFPELVLNAFFGADWVEHASVLQWLSLYMLLISVMNPVGVLMRASGEVKRAFSWNIGVSLVRPIVILLVISSGLISLTFGLFVLQVFLFLAHWKVLLQPAAQVGFSELLDAIKLPLLIAVCICAFIVIARLYIASQYQLLQAIISCALYMMFILPQLISQLKNLRS
NZ_CP011924.1,Pseudoalteromonas piscicida,asparagine synthetase B family protein,WP_010368584.1,,15556,17328,1,1772,MPGFSASLLSKSNENLGDFTAGDVCFSNDVGFSFEQNLKAQRKNIAIERLERDGIVITLWGDIFSIAGIDCKAADALNEIHLHYNDNTLKAFLANVNGYFIISIIDFNTEQVTLISDRYGMKPLYLWMQEDTLLGYASEIKELLNLQTSEVSIDLASLNTFIDIGHCLGNTTLFKQIKRLEPAAILRVSLKSRTTELVRYWSWNDIQPLEGISFDDAVSKLGLLFDQAMRRAISTITQDKLAITLSGGLDSRALLAGAAKYFKGDIHTFTFGEAGCADHVIAKHVSDLASATHHFIGIDGEKWFCGRERGVWLTDGLKNVLHMHALTSVAEIAKHSNYLLNGFLGDVTAGGSYIPSETDKENVFSIVKQKYGKHFSIALADEGYFDFDCEESIFIYNRGMRFIAAGSDLLSHELHQLKPFMDNDFVDFLYGLPSAFRKDGKLYHHMLLDTYPEYFSDIPWQQTGKPISKSQSAKNSSSGMKSTLKAFIIGTPVERWARSLYRRVFAKHHYVAYDLWLREPKFESYVYDLLLTDSHLSKILSCSEIKHYIDAFYRSKKPIKPEIIGSLITVELFLRQLNDKGFKLGSSYDL
NZ_CP011924.1,Pseudoalteromonas piscicida,"dTDP-glucose 4,6-dehydratase",WP_010368582.1,rfbB,17373,18437,1,1064,MKTVIVTGGAGFIGSAVVRHLIGLGDFRVVNFDKLTYAGNLDSLESVAQHTNYFFEHGDICDESKVSEVFNKYQPDLIMHLAAESHVDRSIDGPGEFITTNIIGTYVLLQCARAYLNKNQKVADSFKFHHISTDEVYGDLGHTDKLFTEQTSYDPSSPYSASKASSDHLVRAWGRTYGLPTVITNCSNNYGPFHFPEKLIPLVILNALEGKPLPIYGNGSQIRDWLFVEDHAKALVKVALSGKVGETYNIGGHNEKTNLEVVQTICSILDQKVAKKPNGISKFSELITFVPDRPGHDVRYAIDAGKIRRDIGWVPAETFESGIEKTVSWYLNNLAWCERVQSGNYLRERLGVKS
NZ_CP011924.1,Pseudoalteromonas piscicida,glucose-1-phosphate thymidylyltransferase RfbA,WP_010368579.1,rfbA,18434,19312,1,878,MKGIILAGGSGTRLHPITEGVSKQLLPVYDKPMIYYPLSVLMLAGIRDILIITTPEDQNQFIKLLGDGSRFGVKLTFAIQPKPEGLAQAFIIGEEFIGEDSVCLILGDNVFYGASFSPKLLKAAEVQDGAVVFAYQVNDPERFGVVEVDEDFNALSIEEKPTEPKSHYAVTGLYFYDNSVVKKAKLISPSERGELEITCINEAYLTENKLRVEVLGRGFAWLDNGTHDSLMEASQFVHTVEKRQGFKIACLQEIAFAKGWISKSQLMEEAKRLSKTEYGQYLAKVAQEHIHG
NZ_CP011924.1,Pseudoalteromonas piscicida,Wzz/FepE/Etk N-terminal domain-containing protein,WP_010368577.1,,19305,20001,1,696,MDNSQQDTSVNLVNMWLILWKQKLFIFIFVAISCVLAVVYSLTMPNIYKSAVLLAPHDSKESSALGALGSQIGGFASLAGVNLDSGSNDTLLHLEVLKSKDFLFEFFSKYEVSKVLFGAKEYDKNSEKLLFDEEKLELSSGKWKVNPETGESFEPTLFETYESFNKLFDVKHNKVTNLVTVSIRSIDPHIAKQWVSNLISELNEQLRQRELDEKSRSIAYIQQQLDKTEVAQMKNVFYTIIEEQTKQMLLAEVREDFAFRIIESPIVAERKESPSRAVICILAAIFSVFFASGLVLVRHFMKELKGSGY
NC_009831.1,Shewanella sediminis HAW-EB3,hypothetical protein,WP_012143341.1,,1,396,-1,395,MVKVRTKYEFGYHVLGPIFYSFSYKLWLNQQVWTDRDSLTLFLSRGGLRLRYVYNLFLSKNNIKAPLPEEDFYVSRMALLKASYLKTPEETSTLLQREYNCVTVLKAMEYLLPKAVFHSWQSSLCTVEKEIYKKRDIQVDDFCEFIKPTHAGYTVLAAYLKSHTKELRRHLDEIRQGNSHLLMVDTGWSGTILRECQSIFPDINFFGHFFGRSAFSSQVPEHFSNLQGVAFEADRYHWLYPLSSILLHRHLIEGVFEPKWPSVEGYLLESPHDLIQPETGVIPDNIRKPSIEDDFLNGICDYIAKSDTELNANQIQREENLAAKMIQRLIVFPSRSQLDFLTVDTRSADFGKGLDVSVLIYDGYGQSISQKLNRVTQSLWPHGQVAIEFSGLMRVSIQFLLSCPNLMNKLWAFTNKYILRRAS
NC_009831.1,Shewanella sediminis HAW-EB3,haloacid dehalogenase,WP_012143342.1,,396,1178,-1,782,MFASLNNPNAYKKFEKVVSSDHIDVVSVDIFDTLLFRTTCPEYLRFEKMAELWLKKLKAESACVKMSIDDITSLRVFAAMAAYRNTKDFNGIREAQHNEILKIVCENLQLSHEWISTFAEEELTYEKSVLFVNPLLLNILKSARNKGKRVIGISDMYLSSNKIEDLLNDNLGGFQLDALYSSADFGVGKSSGDLYQRVKKIEMVDYDKIAHCGDNYFSDFVRSNELGINSVYVPRPLMWRFIHKVRLVAYLIKHRKVRLR
NC_009831.1,Shewanella sediminis HAW-EB3,glycosyltransferase,WP_012143343.1,,1195,2085,-1,890,MTKVAIITRTKNRPILLPRVRASVENQTFRDFVWVLVNDAGERGEVDRQADIARTNGVDVVVVHRDKSVGMEAASNDGMKKSSSEYAVIHDDDDTWQPDFLKQTVDYLDENISNVGVVTHSIRIDEEITDNHVKITGKSSFNGQLNSIKLSDLSFHNNFPPISFLFRRSCYDAVNGFDETLPVLGDWDFNLRTLLEGDIGLIPEALANYHFRISNVKASDSYGNTVTAGIDKHIQYEAIYRNRKLRNDINTNSLGLGFVLHQAYVAGPRHQSYVSLLIQKILKKIGLFEFVKRLLS
NC_009831.1,Shewanella sediminis HAW-EB3,ISAs1 family transposase,WP_012143344.1,,2399,2812,-1,413,MNGWLLLMRWSVRGNVTQKILEKAVDYLLAVKGNQGSLASAFDDYFDFSMLNNDDIEIYTTKEQSRGRHESRAAFVSHDLSVLGDISDEWPGLKSMAFVVSMNSEKEVAEEADIYVRYYISSKQLNAEELLTASRLH
NC_009831.1,Shewanella sediminis HAW-EB3,dTDP-4-dehydrorhamnose reductase,WP_012143345.1,rfbD,2998,3909,-1,911,MKVLVTGKGGQLAWELEQTTPSYIEIISFSANELDITNQAQVNEVVIAHSPDIIINAAAYTAVDKAETDKETAYAVNEKGSEYLALICKEISAKLIHISTDFVFDGLKNTPYQTDDTPNPVNVYGDSKLQGDIKVNNLLGCQAIIIRTGWMYSENGNNFVKTMLRLMVEKEQLGIIYDQVGTPTWAKGLAEMIWALISRHSGIEERDIRNLSTSSAQIYHWTDAGVASWYDFAVAIQELAIEKGMLDKAIPVRPIPASAYPTPAQRPSFSVIDKTTAEQASRVETKHWRKQLSAMLDELHSSS
NC_009831.1,Shewanella sediminis HAW-EB3,"dTDP-4-dehydrorhamnose 3,5-epimerase",WP_012143346.1,rfbC,3955,4500,-1,545,MKFINTTIPDVKIIEPQVFGDERGFFMETFRTSLFKEKCGDIEFVQENHSKSNHGILRGLHYQTEQTQGKLVRVTKGEVFDVAVDLRKDSPTYGQWVGEILSAENKRQLWVPAGFAHGFYVMSEDAEFMYKCTDYYNPSAEVSIKWDDPTLNVQWPWVDKQAPLLSEKDKNGLSFELAPKF
NC_009831.1,Shewanella sediminis HAW-EB3,glucose-1-phosphate thymidylyltransferase RfbA,WP_012143347.1,rfbA,4530,5420,-1,890,MTIQRKGIILAGGSGTRLYPLTKVVSKQLMPVYDKPMIYYPISNLMVAGIKEILIISTPEELPRFKDLLGDGSAWGVSFEYVEQPSPDGLAQAFILAEEFLAGAPAALILGDNLFYGHDLPKSLKNANAQESGATVFGYHVSNPSSYGVVELDKEEGTAISIEEKPVKPKSNYAVAGLYFFDSKVVEFAKNVQPSERGELEITDVIEQYLEANTLKVERMGRGTAWLDTGTLDDLLDAAVFIRAIEKRQGLKISCPEEIAYRMEYINAEQLKELALPLVKSGYGRYLLELLEHKAF
NC_009831.1,Shewanella sediminis HAW-EB3,ATP-binding cassette domain-containing protein,WP_012143348.1,,5417,6133,-1,716,MNNSAILSVRNLTLEYQTRSGFLKLFTHKAIDNVSFEVQKGEVFGVLGRNGSGKSSLLKVLAGTIQPDSGEVICPPNTTRSLLALGLGFNNNLSGRDNALISCLLNGYSKQESQPIIEQVKAFAELGKFFEQPVKTYSAGMRSRLGFATAIFTQVDIMLIDETLSVGDSAFKLKAETALKEKITNNEQTIIFVSHSIQQIKKLCQRCLWLEKGVAKQLGTTDSVMENYLADKQETVKI
NC_009831.1,Shewanella sediminis HAW-EB3,ABC transporter permease,WP_190273161.1,,6130,6858,-1,728,MKLKSKANMLLLSYVWWVLEPLLFVLMFYFVFKFLLNRGREDFFIFLIIGKIPFLWFSKSVTSAANSLIENRGLINQRPIPKFVFPLVNVHEAAYQQLVTFAVLISFVIFNGYHDFGLWWQLIPLIFLQYLLICGLSSLFTLFVTYAPDFRMIVSMFMMGMMFCSGIFWSIGDIADPQLQKIILLFNPLAVIIDGYRQVLMHGQLLNWMTFAPALLISLGLILTGFGGLKKFDSLLTRRVFM
NC_009831.1,Shewanella sediminis HAW-EB3,DUF2304 domain-containing protein,WP_150104352.1,,6913,7272,-1,359,MQNYQIFSAGIAIIFFVTAFILVRRDNILPGSAIRWTLLSVLILILGVFPQLSDIAAKLLGISYPPILPVLFACIILLLKALLNDIERTKDRAKIERLVQRVAMLEQKIDSATKYSNKV
NC_009831.1,Shewanella sediminis HAW-EB3,glycosyltransferase family 2 protein,WP_012143351.1,,7288,7995,-1,707,MKQAIVIPAFNEEKTICKVIESVRPFSDFDIIVVDDGSADSTSSLVKQFEHVILLPLATNLGAWKAMQTGIRFCYENDYQRVITFDADGQHLPDSILALTSFQKASNSDVVIGSCTQRGSVARHIAWRLFRKLSGVKIMDITSGLRLYNRAAMSVLSTREATLLEYQDVGVLLMLKNFGLSFDEVKVEMEPRQDGISRIFHSWWAVAYYMTHTSLLCISKARKNSELQCQSSLNR
NC_009831.1,Shewanella sediminis HAW-EB3,hypothetical protein,WP_012143352.1,,8250,9872,-1,1622,MEQIRVIFNRYPSLSFVILAFITSLLAYWPSFSVPFYLDDRVSIAENPLLLTGTMSQIWQVYGMRFVGYLSFWLNVQTSELNLFGFHLTNYAIHLLNGLLIFAIVKQLLKCFAGDWSLPRQHIFASTVALIWLLHPLNTQAVTYIVQRLASLVTLFYLVALYSYLKFRYGNRKVIWLSLFVFSCVLGLLTKQNFIVLFAFIVFYELIYAEQVIKKWLLVGFAATFVTLAIAYPFIPHVIEIISGMTKETAAISRYDYFVTQTLVIWEYILKFFIPYPLQLDMGVDIAKTSSGIHFAALLAHLTLILSALFAAKHLPLFSVGIIVFYTGHSVESFVIPITDLAFEHRTYLPNIGLTLAVCGLLFYISDKQDKSNKIITAVILLICGMFAVMTFERNTQWQEPYAFAENEYNLEPDSPRAMTSYALELVKVGELAQAEKLLVSAVNSNMQKGKLTVTSINNLMLLLFNQGKYQSAVNTGMMALKYIKRPNDRSLTLSNIAYGYIKMGYCDFAIGLTRKAIKLDAHNENAKNYLNHCLSLKPQ
NC_009831.1,Shewanella sediminis HAW-EB3,hypothetical protein,WP_012143353.1,,10001,11344,-1,1343,MKTIFKSTLLAATVAAVCGTAVAGDISTAPVTYSQEGVSAVITAQSYAAISYLTKAAYAVGDKVTYTFDAGALDTTNVFPAQINVAAVTGRAGMALGLLNQTADTVTYRVTSVNQFGTETGKTTLGATIVLTPTTAALKATAVAGGTINVTVSSETSTGDDLDSSSSTNASRTGPLTLVKTQFGKISVGTELDGTILVAKNRKELDNGNVDSMVYSISQITTTGWQQLVTNNGTVATLKADLAGWDLTKSIGSIGSSAGGTATYDDAKKEVTLNYGTNVITTDTVTLTPPTGTKAVVLLAQDFEVAASYAYTHGTSTGSASVGTADAGEWTLDGAVVNVPYMPYADSITQIMYVTNEGSLDADVSVMAFDEAGNDYDLGVVAVSKAGTVEAIAGAVQTALEAQGFTKGKVSLTVTVNAQDKDISIYAAYNVGGVDRGTVTNSQYKQK
NC_009831.1,Shewanella sediminis HAW-EB3,Type II secretory pathway component PulD-like protein,WP_012143354.1,,12157,14247,-1,2090,MNLVKKNFFGLKINQLAIAVSCALLLTNCASTSEHKVDYLETGDKFQIKPSYLKSDKLSDGIVEQTTQTDEESEMSGELGVEKLSPLSREKVSVSSEGLNRHFSDSKELSVTVNDMTMKSFLNYVFGDLLSIDYVIGKNVENSKITLNVASKISPRKLFEMTTQVLQEQRVGIRLNDGIYYIYQLPQGGKVSVAMGFGRDSQSVPQNSGQVLQVVPLKYGVRISVERTLNGLVDAKITPDFEQSALFIQGTRDQIIRALDLIRLLDVPSNRGKYISLISPVFISVDDFVSSTTELLKTEGIEIPKPGSNNGNLLFVPLSQLGSVAVFSAEQELLNRVEYWAAQIDKPSKGTERQYHIYTPKFARASDLGDSISPLISGESYSGNSKKTSSKDNKDSSVVDNNSSMSTLTSNDKMTLVVDARSNSLIFHASGTEYQSILPLVQRMDILPKQVLLSVTIAEVKLTGEFKRGFEFALSSGNFSGSTKGGLGLDEIVGGTFSWKSGANEIIGKFVEENSQVNILSKPSLLVRDGTEANINVGDKIPVSSGSSSSGSGEVVTENITYRETGIKLTVTPTVNAQGVVIMEINQEISNQVVGPVGKGGNPTFFDRSIKTEVVADTGQTILLGGLISDDTTNSNKGVPYLKSIPLIGALFESDSKNNTKTELVIMVTPKIVERSSQWNGILNQFQKALTNIDIE
NC_009831.1,Shewanella sediminis HAW-EB3,hypothetical protein,WP_012143355.1,,14348,14869,-1,521,MQLSNQKSWAIAACITALVVSWDFSNRIMISNHSKVSNTELDMSYIALSQASSDNTDDKIIGLYAEYDKPVAPVTPASDILETKKSGMTAEQMKNQEGRLDKFFIGDYTYVLSGVFFEKSRFAVLLQTSIKTNKVKEIKVSQGENIGEYLVDNISEKRIVFSEQDRKVELSIF
NC_009831.1,Shewanella sediminis HAW-EB3,hypothetical protein,WP_012143356.1,,14856,15407,-1,551,MNNKPLLLGALAVLFLLKFIVVPVIEWQDEAVLETKNLQSKIDKSQSHIKDLPNLVKYKDQLEVSLTKAKETIERYNDASRYQISKQRQFEALFKEHQLTMSSSNWRDVVKTDNGSTFQLQVQFNGMLSDFIAFHLQVNAMGPSVVIGNLGLNIRGQSQASLGYMTGNMVIFFNPAESVDATI
NC_009831.1,Shewanella sediminis HAW-EB3,hypothetical protein,WP_041421737.1,,15400,16485,-1,1085,MKYKYINKFVFYYSKQSFRLQDDGLEPIERSNLAKVMIVARQHYIERAISLPITLTKDVNAAIQFEIESLQSEFHLFHKIISTADGKTQVMIWQIPRDIVPKGVMLVLPETYLLSFILETNQVCVYQAPSGAGPVKLVKTTKKICSSASEQQSLAIFSQAAGVNLQNTLDISAEEFLSHLLNALKISVKHLVTGFWVKPSAEKKDWGQILKPLIVPIATFFIGYLAITSLYVSYRLSTVSNMIEDQREDIDTVLTLQSSIHELQNQIEQYQSMSSSEEPAFRMWQVFAPLYKQGIQFKFIRYNGQQVFFSASAKSASKVLEQLLNVKTVISPQFSTAVRKTGDEETFIIKFSLAAEESLDE
NC_009831.1,Shewanella sediminis HAW-EB3,type II secretion system protein GspK,WP_190273162.1,,16547,17428,-1,881,MSHSKSKGMALFQVLLITMVISILALQFTQTAKNQIIIAATIVDRVQAQVNLKNTESELLFALFTEVRTGQTSDENQLAQHWNFHGKPFTTDENVKVSMQDQNGLISLYKGRPQKLLESMINYLGVENVSASVASNSLIDWQDGDDLIRANGAEASYYGAPGMPTNMPLQTYSETQNIRGFTPELVEALAPYVTIRPQTYFNPMTAPKEILAIVVGADKANQIISLRETSSLSNSMFQQLSGIRQDEGINFSPSGLLKISLKSNVNDVILEKSIEILVQPLNLHPLIEYQVIN
NC_009831.1,Shewanella sediminis HAW-EB3,prepilin-type N-terminal cleavage/methylation domain-containing protein,WP_012143359.1,,17440,18114,-1,674,MIRVSRGFTLVELLISMTLLSMIMLLGSWSFSVFTNKWEGRLGYFSQHVSQTKDHILLNDVIMSIIPYVSKVKNNPKYYFSASASELKAVTQSSIFHPGQPVVFRLSVEESDDGSKYLLYQESLLSVFEENTDIVYTHEKILIAKASAISFSAFGWSSAQSKIRSEDPISAGTNEKPVWRTNYNSVQSNLMPISIRVAWDGNLVSFPVQNDQGMWLTLMIGESN
NC_009831.1,Shewanella sediminis HAW-EB3,prepilin-type N-terminal cleavage/methylation domain-containing protein,WP_041421738.1,,18111,18542,-1,431,MRKLPTNSKGFTLIEVLVAGVILIITVSAMTLVYRTASISSLTASKNVNFSGSVGLILNTIKSEIRGTNASTALEGSGEIGGVNYTWSSTLISKKGPPARFEPDSGKWVVPPEKFFLWQVELTISSEAKEKHYSFKEISWLAK
NC_009831.1,Shewanella sediminis HAW-EB3,prepilin-type N-terminal cleavage/methylation domain-containing protein,WP_190273163.1,,18523,18948,-1,425,MKSLTYSKVRGFTLIELIVVMSIMAIVMSLVGPLTIQMINRAQAQSELIAFKNNLQKISYLSFASATEYTFEFENSHFKLFKSNELFKQSSFEYLSLGDQKITFNSRGYPKPEILSVEMPSKIDEINVFRLIEGVDAQVTD
NC_009831.1,Shewanella sediminis HAW-EB3,type II secretion system F family protein,WP_012143362.1,,18950,20001,-1,1051,MAQFTYKAYDASGAVVTGEMEAVNSGQAKEQLLRDKLRPVQLVEKAVAAEGIKLSFGNNNVVTLDDVEFVTAELSLLLQSGVKIDKALSVLARTKSGTALADLLQKLSNDVRKGQSLSEAMAKHPKVFDNLYINLVTIGESSGNLVEVFAGLAQDLKYRKELKSKITQAIVYPSVILLVCICSVLFIFNFVVPKLTVMFADAAELPIYTEILLGVSDWIQSYQIHLFVVVAAIAFGFRWMMQQGHFAHKFDDIVLQLPVLRNSVNLVERIRFASSMSLMLNSDVKLDQALVLSAGSVKNRVIARNLSGVKDKVRKGESITVALKQSGLFPDLFMSLLEVGEESGKMAPVFEEIAGRSRTEFSNWTDKMTSLIEPLMILFMGGIVGSVVVVMMMSIVSVNDIGI
NZ_AKXJ01000003.1,Pseudoalteromonas sp. NJ631,Ig-like domain-containing protein,WP_017217131.1,,1,1550,1,1549,MKRSIISTIIASALLSACGGSSDNNDNDVIGGQGNFTVETSTAFTTQEDTTYTLAVSPKSAPSGNDTLTVEVIKSPTLGMLTSSGLSLIYQPAPNKNGTDSFTYKFKKGGVLSNEVTVDITVEAINDAPTISGTPSPEAIKLNDNYHFTPTVEDVDGETSTYQFGITNKPSWAEFDTTTGELSGKPANIEQLGNYRQIVISVLDGEHSVSLPPFDIEVVSQPWQAFSEFPNNLGSHLQSATLGKEIIIASHAASLSSSMSCANAPLSAPEIHSLATTNTDWQALPSANESRYYYQAQVSNNKLFLFGGTEACPSTSTPKETMEIFDFSTQQWTSIAAPKFAPFENNVLASCANNDTIVAFTQQGNTTYAYQLATADTTWSHKPASLPNLSITDCQFIGNELFITANNTQEQQAHLIQYQLSSTQILLNEQVPAELSGSYYTLTHNEQNIQLHSAAHVLNYDTQTMQWSNLSSNPSATEQQGSETYYLRDFKMESVDQKQYQIGGAFTTQMTSRIYQYNPTTE
NZ_AKXJ01000003.1,Pseudoalteromonas sp. NJ631,glycosyltransferase family 4 protein,WP_017217132.1,,1603,2796,-1,1193,MSRNTIILTSNAYLPNIGGIENSLMQLSKAYHEMGFRVVIIVSNVNTVNKQTLPLCETTEYATIWRYDVCFHGQQHSKLKASLLGWQNMRRCFRAARVEFGNALVISRYHITTIHARLAGFSRVSYLLPGVVKFQNQPSNTHKVEGLRQVKQWLVLFYHHAIQKLALQVTEKNFVFSSNMLNQLAQIGFDCSKVTMVSPGVDTNKFLSLDVNAQTALKGKLGLPLDKNLLLVVGRFTAAKGVEYAIRAQKELLHTHLVLVGGGELEDYYKSLVVKLGIEECVTFVGAVADTSPFYQVASLFLMTSTYEPFGQTILEALSCEVPVIAFRAGETVKTATCEMLGDDACFYVNTLDASDLAKTISCALADVEKRAQISRNGVAFVRQKYSWNALAKSLIK
NZ_AKXJ01000003.1,Pseudoalteromonas sp. NJ631,sulfotransferase family 2 domain-containing protein,WP_017217133.1,,2789,3436,-1,647,MIEKLTRLLKRWLPLPVYPYKSYMVRKRCIFIHIPKNAGTSVLKAFGYRGYRLHAKWFDYNESNPYLFERYHKFAIVRAPLARLYSAYNYVIKGGNQSEGDRALQQQVLSNARTFTEFVDKILTPEFVLFQPLFQPQSYYIFDSQYQCKVDTILRYESLNHDWRKLCILKGWKMELPWLNKGASTLPETLSPQQLEKIQCLYKVDYELLGYRFNE
NZ_AKXJ01000003.1,Pseudoalteromonas sp. NJ631,glycosyltransferase,WP_017217134.1,,3524,4678,1,1154,MHVLFLPSWYHTSQKPTLGSFFKEQALSLKEHGCNVGVIYPEPVSIKYALTCTSPSQLNDAQINTKRNRYFTLPALYRINLKQRMVQYQKLFEQYTRDFGLPDVLHAHSCFYGPGGAAGLAAQQIAQQYQIPFIITEHASAAKLSTTPKFETQLIGQAYRAANQLVCVSESLASILRDRFELDRTIEIIGNVVDSELFTPKEKIQDDFTFITVAHLRPVKRVASIISAFSYITEEHPKAKLLIVGDGEDKQKLKTLCESLKLKQVKFIGDSSRETVAKLMQSSDCYVNWSEYETFSVAVHEALSCGLEVISSPCEGPEYVVKKLNGKVAEDATIDTLTKLMFEVLKKTSCGLNEHNQRHAYIDSNFSRDAIAQQLIREYNAIVK
NZ_AKXJ01000003.1,Pseudoalteromonas sp. NJ631,oligosaccharide flippase family protein,WP_026000916.1,,4710,5909,1,1199,MLKLLTTALGFLVNWYFAQKLSTDDFGLFALFQLLILFIVAISKCGLDQAAVRFIASQQQADIARFLPRVYAVFFTCISITVVTTGLFCHFYSLLSISGISTFQFWTLLHIASFATAIINLNACIFKGLSKPSLFTTFSGFASLCILLFGATIMHLSTLTLVLYLVTSTLCITAITSLFIVIKLRPPSTTTPQPRYSFWISAKAFWISGLVYLVVQQGSQLYLSTQVSLSQLGVYAIVTKLAMLPSIFLFALNSVTAAKFAKSYSQHRLDEVKQLFSLSQSTSIFVAAITVLLFYFYSEYLLGIFGEDYKQGELWLLVLIAGQVINLITGPAITLLTMSGQEKTYQNISIFTAAITVILAMHLITNHGPLGAAITTAIAMSTQNLLGYYFARYKILRNH
NZ_AKXJ01000003.1,Pseudoalteromonas sp. NJ631,sulfotransferase family 2 domain-containing protein,WP_017217135.1,,5911,6582,1,671,MISHQHRCIFVHIPKVAGQSIESAFLNELSLTWEERAPLLLKKNSNPKKGPPRLAHLTASEYVQLGYITPEQFHDYYKFSFVRNPWSRLVSEYTYKQHPFSFKHFVLDYLPSCDSDDYQNHIGNLRHLVPQHCFLYEGNDCLVDAVGKFENLMNDFETISQRVFGHVVDLPYRNKTTKRHPLLEKLIGKKVKPSYQSYFDNETVEFVADFYKRDIELFKYQFE
NZ_AKXJ01000003.1,Pseudoalteromonas sp. NJ631,hypothetical protein,WP_017217136.1,,6741,8612,-1,1871,MKDLAQLELLIEKQKYKKALPLAKKLVNHDSGFRVTELLGMAQHGVGQYGLAAINLKKAAELAATSSQKAVLYRNAGICYQNLGDKYQLQALQAFELSLQFAPGFDNIQMRVVAAELAFSLNQYDLALSLAAKLMAYSDYAALGLVITLRAHLAKGDQTSFEKQMLIIEGESNAFPEQEAKNLLVTLKEADKQSWFMNMLGLFSNRFSHQDWFQYLQGLQIQQQLTAEKPEELIVSDSNEVAEIIRQLVEEIKRYGGSVSEDLRLVACQGNLSIKAFNQQPKVLIDIPLECMPLLDDFEFEVNGNTLISIPKKELLNPTAVKTMSLMVELYNKADKVTQWKLSSPFFTLSKDRALLEKLCDGKKLNTKVNKDKRLALEEKWGELFLSSFFGSRKFAYKNDFFNIGKEGYTSGLLSIIDFFNHRCGASPYKLSNKGISVEGTPGNAEAEVFVNYNQFDPLLTYLIYGFVDCASDYLFSIPCHISLAELEFEVFGNTAVLDVENRSNRTSHLAAFLPNIAVKEQSVGIDKLLITPKHPELLREAIQTVLLSVMDKDKINDVILADLVKSFEKQLLTQNISYWREVEALAAESALENSVIDSVNLLCKESKSMIQRYASKHSITLF
NZ_AKXJ01000003.1,Pseudoalteromonas sp. NJ631,sulfotransferase family 2 domain-containing protein,,,8624,9055,-1,431,
NZ_AKXJ01000003.1,Pseudoalteromonas sp. NJ631,transposase,,,9273,9473,-1,200,
NZ_AKXJ01000003.1,Pseudoalteromonas sp. NJ631,hypothetical protein,WP_017217139.1,,10001,11701,-1,1700,MFKRTLLALAVSGVAVSANAATIYTKASTSVQADVEKAITANAKGEAGEALGTDKVFGGANTDNCTALASALGVSLSNDGKFAVAASGKAGDTAAFAALSGLNKTEVKMTADNVCTASVKPGLSTSSVKDGLEYSSVKAIEIKPVIVAGIGGYKDEDTITVNLSGAKVDLTKTTAPTITVGNDGLSTAPGNFSFDILDITADRVRFTVQTVNAKNDFVKGGAVLQLGGIFLDSKGLSSDTAVSVDSFATNTSGTDFDVASARVITTLVNQYTASVSSLLDAAIDVGKDRQEFATGTSDALVVAMKKNTDNLELTPAEVHYTITGDFSWMLDDDIDTNKDGKLSSAELGKAVKVAGLTDDAAKSYAVNTDLTKLTVVSTVSGAVDTSATITFTVPGHDEGKLENLMIPVQDFTVAVDVKDNKAFSTAAVNMPALSATNAGAWTLNGSVVIVPYMPFGPNTQPILRHTNAGTRTGDITVRYMVEDEHNAWQPLAAAGVKDAKPGVRNMLNIVTDALKAEGYDSEKSGFKVALEIVTNVPSRDVHVYGGAKVDVDGQDRIHLGTFKTNN
NZ_AKXJ01000003.1,Pseudoalteromonas sp. NJ631,secretin N-terminal domain-containing protein,WP_036964699.1,,12137,14200,-1,2063,MKQINKSFCFSMITVLTLSACKSTNPKDVGVYNVDKSYIEQNIRNTEVEGAELLGETSVNNKEKIADGSLQFLPKYRTYINESKVTDDVIDRFSNTEMLSVSAESLRIIHFLHYVLGDQLKLNYVLSDELKDDNQTITLNIQDQVSERKLFLLSRELLEEKGYVLRFRDNIFYVHQKEDSNSTLKDVVFGYGKSVDDVPQTSNEIIQMVPFTYGMQMGMANTLRQMLGIKASSDVERNAINVYGKRNEIIRALELINMFDRPSLANREIGVYQSVYMPTKKMLDSLTELLKQEGITLQTGSSTAGTVTVVNIEQQNRLIMFANERSLLDRVVFWAEELDKPINTAEKQYFIYQPKYSRAVDMGESLEALIGNGGSFSNSTSVANEASSSASRPSVTSASNKDLKMVIDERSNSVIFYTTGESYQQILPLVKRLDILPKQVMLEMVIAEVSMTDEFKQGVEFLLKGSNNYSLSTEGAFMGEGGFGGLSYALTGDRGKVAVNLFEKNSLVNILSRPSIVVRDGVQASINVGKDIPIIGQTTSDPINGERQTTSIEYRKTGLQLDVKPTVNAQGVVLMEISQKVSNELQQTTSTSGNPSLFDRTIKTEVVAESGQTIVLGGIISENRSLNDSGVPILKDLPILGELFSADTKDGDKTELVILVTPRVIQSNDEWKDIKEAFRTKFEQLSF
NZ_AKXJ01000003.1,Pseudoalteromonas sp. NJ631,hypothetical protein,WP_017217141.1,,14206,14781,-1,575,MVLANMSAKVGGIYPKIVMLAMSLTIIFCVIDFSDKAFWASSEVSPNEVDISALARVQWGISNQTISKYKESFDGYRYEEVESSEPVEKQFTKEDEYTQSGSLTEVFVDNNVLKLKAVISKGESFQVIIEVENKQTGELSISQVTNNSDLFSFKVRVINSLSIELTRTIENREQKIQLTMFQLPTASQEVQ
NZ_AKXJ01000003.1,Pseudoalteromonas sp. NJ631,hypothetical protein,WP_017217142.1,,14784,15353,-1,569,MKELYKYRVSLTIIACLVILNFVVVPVLSWQESKGEALLLAQKKLNKAKSVIENKEHINATSEQLQVVADDVERLLYKVENIEDFKLEEQTRWQSLAESQELRIKRFGWKTPFIEPISGLGRLDLELQIEGDGDKIVDYLLDIKAKDKLAIDSEFRLSFRGQREQQLGIFSVYLNRKFYFDPNSAGFQE
NZ_AKXJ01000003.1,Pseudoalteromonas sp. NJ631,hypothetical protein,WP_157234632.1,,15350,16348,-1,998,MVEQKEITPLVVIVSSDHYKTELRTVPFTTDADVRRALKLKRNTGQFWTVGKKLSQKTEVNYWRFSEAVPKSVFSVPEALFYLCANKLRFLEVEGHRSSYYMSFSEGSFQVTRKFGLINSAEKFLLSIGEPQHFSQQFKSADNSLLINSLTNFASFNSLRLCLSFFNSQAAGIDKIKLTNSVILPLSLVLFIYLSASSLYLIGKELYVTSKYQSIESSAFSLIENQNKFDETKTKLDAINSLVSQDANYPAALYVMTNVFNKVKMSNLLFESGRFVFRAEAEKATDILAIVKEHPSVRDAKFDLPVVQSRANERFTISFTLSNTHVIEKVNK
NZ_AKXJ01000003.1,Pseudoalteromonas sp. NJ631,type II secretion system protein GspK,WP_157234634.1,,16462,17307,-1,845,MVAMISLFLLYIQQVNSAKIKQTERVKLRANAEAALQSAKAEVEFQLLTNSKQLVDAHNNFDQEDNRRNWNLHGKRFPLEGNVYASIQDHAGLISIHHYSSLRMTRALKALGMNETQALKLISALRDWQDEDSSTADVGIDGVVDYKIRNGLVSQISELSWFSSLDEKMLKQVTSLFTTHFNGEFNPLTAPDNLLRAEVGEDYGDNIVALRDNGQLTVNQFQNLTGVVRGDGIRFSPSNWFSVLLEYSEQDITIRRKYVLNVSPYSKSKKPVVLLEESSIR
NZ_AKXJ01000003.1,Pseudoalteromonas sp. NJ631,type II secretion system protein,WP_017217145.1,,17345,18034,-1,689,MKSLKGYTLVELLIAMAVMSSLMLVGSFSYQFFANRWNKELGSFSKVESLSSGLIALQSIFKGISPFVIYNTSTSPRTPTILFEGNNDALLGYTKRGLMYEEEIFRILIEPEGEGFQLVYQYNNFNKMRLLETTDTIEFEKSVVLLSNIKHVTFQYYGWNSITEKVESGSTGTTPNLMEKYSSSTTQLLPLYILVSIVTEEGSAVIKVDTEKGAHRHISPYIGRLLDEV
NZ_AKXJ01000003.1,Pseudoalteromonas sp. NJ631,prepilin-type N-terminal cleavage/methylation domain-containing protein,WP_017217146.1,,18021,18431,-1,410,MHSIKGFTLIEVLIASIILFSTIALSTQVFQGAIISSEKAADHIKISAIKMLSLDFISSEVRKGERKGSFSNMGVMVSWEANVIKKGAPPAVFNFDENQMQYFEDKFEVLEISATFQFGRLVDTMKFKELYWHEKS
NZ_AKXJ01000003.1,Pseudoalteromonas sp. NJ631,prepilin-type N-terminal cleavage/methylation domain-containing protein,WP_017217147.1,,18418,18843,-1,425,MSTSRGFTMVELLVVLVLIGLLSSFVGPMVISQVEKTEAKIEAAQILKLFENASQTAFWLNERVLFRTEANNILVVREISGKQIVKKEFRVLRFKTGEIEIGATGDSSARSLNYYVNDQMRTIELVSMWPEYKGLPVNAFN
NZ_AKXJ01000003.1,Pseudoalteromonas sp. NJ631,type II secretion system F family protein,WP_017217148.1,,18847,20001,-1,1154,MNYIYRGYDGSGAKLKGNVEAEDKTQAIELLEAQDITVIELKEERKGITLFGGSKVGLSELEFMTSELSLLLASGVKIDKSLEIIKNSKSEPQLVRLIEKILSAIKSGEKLSEAFKKSSPIFDDLYCNLIQLGEESGMLSAVFKDLADDLKFKKQLKDKIISSLTYPAVIFAVCILSVFFIFNFIIPKMAVMFEGMKELPWYTSLMLDASQWMQNYQFYLIGGVLLSAYGIVNFTKKNNAFKSWLNLKSLRIPVLSHFILLVERIRFNSALTMMIKSGVVVDKAIGFAQKNLRNIELANQIEVARKKVNEGEKLSSSLNQTDLYPAFFVSLLEVGEESNNLELIFNEIADRSKSEFESWTQKLTSLLEPIMILIMGLLVGGVVVVMLLSMVSMNDIGI
NZ_KB907702.1,Arsukibacterium perlucidum DSM 18276,nucleotide sugar dehydrogenase,WP_019674703.1,,1,601,-1,600,MLKVAIAGTGYVGLSNAMLLAQYNVVTAIDIVPEKVALLNAKKSPIEDVEISDFLANKSLNFTATLDKHQAYADADFVIIATPTDYDPETNYFNTKSVEAVIADVMTINPAALMVIKSTVPVGYTASAREKFGTSNLIFSPEFLREGRALYDNLHPSRIIVGEQSERAEQFAFMLQQGAVKRDVPVLFTDSTEAEAIKLFSNTYLAMRVAYFNELDSYAESHGLNSRQIIEGVGLDPRIGKHYNNPSFGYGGYCLPKDTKQLLANYKDVPNNMIQAIVEANRTRKDYIADAILKRKPEIVGVYRLVMKSGSDNFRASAIQGIMKRIKAKGIEVVVYEPELKESHFYHSRVIKDLAEFKQISDVIVANRQSDTLADVSDKVYTRDLFGSD
NZ_KB907702.1,Arsukibacterium perlucidum DSM 18276,adenylyl-sulfate kinase,,cysC,834,1376,-1,542,
NZ_KB907702.1,Arsukibacterium perlucidum DSM 18276,SLC13 family permease,WP_019674705.1,,1520,3247,-1,1727,MSLSAIALIAMLALLVAALVRYSVHSAGIFAAMLLGLLALGLIDSAVLLRNAANPGLATLVLLVLISFSLEKTSLLRRLSRFLFTRSVPGSIWRTIGFSALASSVLNNTAVVAAMLNAVRANKKVAPTKLLIPLSYAAIMGGTLTLIGTSTNLIVNSMLVEAGEPGFAFFDFTLVGLGVLAGGSLVLFIMSYALPDEKNQDVAITEYLLEAKLNADSPLIGQSVEQAGLRHLDELFLTEIVRDSEVIRPVARYDVLKAGDKLIFTGNVHKVNVLKQFAGISLFADENGLATQNLTEVIIKEESVLKGKTLKNSGFRARFDAAVVAVRREGERVNGKLGEIELKAGDFLLLATGPDFASRHNISKNFYLLSGIEPEHMLSGWRERLTWWGFVAMIAGTVFTGTSLLLAAIYLLAALLFSGCLTINEIKRRFPVEIWLIVTSALCIASAMSHTGLAQAISDFAASALAGQAPMVTFVGIFLLTYLLTEIITNNAAAALMFPVAYSLAKGMGVDIMPMVMAVAFAASASFITPYGYQTNLMVFNASSYKLKHFLLVGGPVALTYVVLSVLLIPLVFPF
NZ_KB907702.1,Arsukibacterium perlucidum DSM 18276,sulfate adenylyltransferase subunit CysN,WP_019674706.1,cysN,3244,4665,-1,1421,MSHASALIEQDILTYLNQHENKQLLRFITCGSVDDGKSTLIGRLLHDSKMIFEDQLAAITEDSKKSGTQGNKVDLALLVDGLQSEREQGITIDVAYRYFSTDKRKFIIADTPGHEQYTRNMATGASTCDVAIILVDARKGVQTQTRRHSFICSLLGIKHVIVAINKMDLVDYSQARYKEIQEEYLTLAGSLDIPDIRFVPISALEGDNVVNPSEKLSWFRGSTLMQYLETMEISASADSSEFRFPVQLVSRPNSDFRGFAGTIAAGTVAVGDTIRVLPAGTISTVKSIVTFDGELQEAHAPQAVTLTLNDEIDISRGNMLVKKDVLAHVSSRLRAKLIWMHEQPMRTERDYYFKFACKLVSGEVAKLHHRIDVNTLEERDAQNLGLNEIGLVDINLTEAVAFDAYLKNKQTGAFIVIDRLTNLTVAAGMVDAALAAQPEPQAEQEITGLSSFELEFIQLLRKHFPELSQKGRK
NZ_KB907702.1,Arsukibacterium perlucidum DSM 18276,sulfate adenylyltransferase subunit CysD,WP_026349187.1,cysD,4681,5589,-1,908,MQSKGMTHLKALENESIHIFREVAAEFDNPVMLYSVGKDSSVLLHLARKAFYPGKIPFPLLHVDTTWKFKEMIAFRDNIAKKHDLELLVHINQEGVAMNVGPFSHGSAKHTDIMKTQSLKQALDKYKFDAAFGGARRDEEKSRAKERVYSFRDTHHRWDPKNQRPELWNIYNGRVDKGESIRVFPLSNWTELDIWQYIYLENIQIPDLYFSKERPVVERDGTLIMVDDARIPLKDGETPMLKQVRFRTLGCYPLTGAVESTAATLPEIIQEMLLTKTSERQGRMIDHDSSGSMEKKKMEGYF
NZ_KB907702.1,Arsukibacterium perlucidum DSM 18276,polysaccharide pyruvyl transferase family protein,WP_019674708.1,,6040,7197,-1,1157,MKYIEIRGVQFVNKGAELMLHAVLQQIKQRYPAAVPVLAPNINSPYLCRAAVGALQLMPLKKGWLDLTAVSYFLPKRLRRWLISNLGIITEADIDLVLDASGFAYGDQWGSANINAMAAVIERSTRHGKHFIFLPQAWGPFTKQRDRSMLKRCLVRASLICAREQTSFNFVAGVLDNKAKLVLFPDFTNLVKGVLPDYYHSGEQKVLIIPNSNMNSSRNQHAAWQQHYLRVLTDAVQIVREMGLEPVLLNHEGKGDEAICSQIQQQASGNLAIINEADPLKVKGIIGASKAVICSRFHGCVSALSQGVPCLGTSWSHKYERLFEDYLQPYALINPEQNRADIAALLSRVIAQKDDENIQLQREYWLQQSVELWRTVWQSIDKRQI
NZ_KB907702.1,Arsukibacterium perlucidum DSM 18276,nitroreductase family protein,WP_019674709.1,,7212,8279,-1,1067,MKKLLKKVLPASLILKLLGIKPSINLYFIRLFASNGFLASLYFTFFSSQFRREHKAVLQGRLAYARSLKQIGVSCVLLRRNIHRLEKGLIMQPRRKIFAEDYIGETVNCYLNALNSKELCTEERKWATDVLAAYFSVVGSSKLIDAARRNFQAVNSPLQGSESIPYPHKTLPECPVSYQQLYTLFQRRRSVRWYQPIPVADSLIQQAVQAAALAPSACNRQPFRFYVVNDAAKAATVAQCAMGTVGFADNLQCVIAVVGDLSAYPDERDRHVIYIDGALAAMQLMLACETLGLSTCPINWPDIEQREQMLAQKLGLAYYQRTIMLLAVGYAQADGGIAFSQKKVTPTLIKDVSKD
NZ_KB907702.1,Arsukibacterium perlucidum DSM 18276,flippase,WP_019674710.1,,8402,9694,-1,1292,MLTKVLTNTSWLASEKVVAMASSLLVALVLARSLNPAGYGSLSYLLAIIALVGPLTSLGLNAIITRELVNTPQRQHAIMATASGFRLAGAAFGTLICLLLALTGWGLAGPADQWALAMLALANLFSAFQVIEFWFQAHVAAKAVAHMRLTIIVIFSLAKIAAALSGASLLLLCSLFALEMAFIGAGFLLIYRRAAGAIQWRALDVSYGWQLLKQGFWLVLSGVAAVIYLKVDQVMLAQMVSREAVGVYAVAARLSEVWYFFATAIAISLFPALLKLRQNNAQRYQQRLQQICDVLFIVALLLAIGISVIATPMVSILFGKEYQAAAAILTIHIWASVFIYMRALVSKWLIAENLLAFSLLSHGIGAIVNIAANWYLIPLYGGVGAAWATVLSYLLASYLAFWLAASTRPIALVMTKSLLLPVTLGYRYWR
NZ_KB907702.1,Arsukibacterium perlucidum DSM 18276,hypothetical protein,WP_019674711.1,,10001,11458,-1,1457,MNTTFKKTLVASALFAFAGAAQAATISAGTEHELTSQYLSSTGANHTMANDFAVTLGAEYVVNDTMTLTFTQPLAAAVTADIIVAAVEGVGAAAKKGVTFSVISGGAIGDSSVTYRLTTVTNTVGGAGNATPGVTSGIVLPLPTFQVLKSNLTGGATVSFSAKTNTGLDLDTSGGTARTRSLAKAVQQFTITSPSIARVIDVNADRKSFVDLDVNNANANDFKVIGTFNIATLTTAGVVYARPINGAAGVKHTLTGDFSWVVDNDTVTTGLQPKAGVFATTGTCANPVWAYSTTAVSLTCDAVAADTAIVIDPEANKAGVAVASQAILPSTTFTATSTVTYTGPAATESVINAASAGAWTLNGSVVRVPYMVMKDGRFGTILNVTNHSSQSANVVFDLFDENGTKLQSNYAAGTAAAGSVHSIAGFVRDALVASGKDVVNSNVKYSLQITTNAPANDVIVYSAYTDQNNGGERAIVNNDSKVQTK
NZ_KB907702.1,Arsukibacterium perlucidum DSM 18276,secretin N-terminal domain-containing protein,WP_019674712.1,,11634,13715,-1,2081,MKTISKLSICIAVSLLISGCATSQDDSYSISSSRIASGDEYSSSAGDIAQTADETAANKNSGYQALQNLKVAQHSLRSQQDAALRLSDADQISFAAEKMPTDQFVHTVLGDLLKLNYVITDGISNLAQPQSLNLQQPVSSRDLYLLTAQILDASGIAISLREGTYFVHPKTQSNASTALGVGRSYRDVPQVVGQIMQIVPVKYGISISLERTLRELINVRVTPDFEKNMLFLTGERSDILRALDLVELLDMPANRGRNVGILRLTYMTADDFIQQVGTLLESEGIPADKGGSPKTNIVMVPLEQIGAVALFGSEQFYIDRVNFWAKQLDKPSEGAQKSYFVFHPRFARASDLGASVAPLINPQAGSADNRQGNQSRDTASAFDSNTAQNNQARGGSNASRQASVTVSNDDMTMTVDERSNTIIFYTSGIQYQTLLPMIRRLDIMPKQILLEATIAEVTLTDELSMGLEFAIQNGNFGYGTKGAFGVQNFGGLSLSYLDAGKELLANLRAAKTKVNVLSNPTLVVRDGVNANINVGTDVPTVGTTTVNPGTETQSTSVEYRKTGVSLSVTPTINAQGLVVLQIDQKISNTTDGGTVAGSPAIFERSLQTEVLAQSGQTIMLGGLISENTNKSTTKVPFLGDLPGIGGLFRSQKDSVTKTELVILITPRVIDQPEHWQQIRQKLDSGLQNLKINE
NZ_KB907702.1,Arsukibacterium perlucidum DSM 18276,hypothetical protein,WP_019674713.1,,13739,14233,-1,494,MTNLQGGALTASGVFLFCIIHFFTTVYQADEPQLRELNPAALTLADNGLPYNADTLQQLVAAWSLPVAADNVPEQALADPLAGYDNTMLGDTSIALLAIYQQQQHKAVLAVQIPGQPLNFVHLLAGDSVGDIILSQVSQREVTVTRGSQQVKLRLFKPGSASSE
NZ_KB907702.1,Arsukibacterium perlucidum DSM 18276,hypothetical protein,WP_019674714.1,,14230,14781,-1,551,MLRNKTALISLVIVLVVIKFGLLPLQQAQQDLHQQLTGLDKRLQRSQNLLQQTDTLQQWQSSQQQQLQQLLQPFPQVASAAQYRLLLQQQLQQLAAANNVSVTFFDWLTDTPLGVFSVQRGRISLRLEGDAANIMRLHLKLEQQFPHFVMRDIRASWRGALSPGSRIELNLLIEADYVIVEAV
NZ_KB907702.1,Arsukibacterium perlucidum DSM 18276,hypothetical protein,WP_157610682.1,,14768,15991,-1,1223,MQHHMIEKYIKQPLRWLLQKNVSYWHQGLHKFGYSKGNFQLTSCPAEQPGRIIIISRAHYQEFIQHYPVIRLHELKQVLKTEYQDNDNVLHFIGPLVEQRRAVCSFVLSESITTQFNRNCLIIPESLLLWRAVKTEKSAQPMVYQITAFADYFLNCAEAIPVSQRINRFCPDYASFMLNNGVSDLARLQQIPDTQYANYLVKALAKALPVFTRLALLRRSALSTKALPLKAMALSAAAVVAVYILGVAAYYHTAIDNRRAEIAALGGEVNQLLELQQQLQATDADAQNLLQWRADKTYSAQLWQLVITLLQQDPSLVLQNISSENGRIIIRGQANQATAVLTALQASTLLTDARFDASVRRQNNNDIFVISLLLAQHDATVQPAATPVAAVNSQNLSEQAEAGHAAK
NZ_KB907702.1,Arsukibacterium perlucidum DSM 18276,type II secretion system protein GspK,WP_019674716.1,,15972,16889,-1,917,MKSSPGKQQGIALIQVLLLTVLLSVILMSMNHQARQHIRLAEAVQQYTAAAMALHSAEAEILFSLLSTEAPQLARGGPVGAPAWNFYGVPFTFQDITLTIYDTSGLLNAANPGSKLLSQFTSQHTGSETLGRQIAAALADWQDRDDMIRLDGAEQADYPMFEVRNGPLQYTEELLFIKGVTPELFAKLAPLLSLFPRGVNINNQPEALWRLYLSEYQTTELNRLRSEGKLTSGLFENLTSMPIDEFNRFSYGPAYRIGFTVKNADVRLSRELTLRLMPFQQQPLDIYEYRLRHLATDPLHAAPHD
NZ_KB907702.1,Arsukibacterium perlucidum DSM 18276,type II secretion system protein,WP_019674717.1,,16886,17581,-1,695,MAATNFLKRGFTMVELLIAMSIMLTMLVLTATAYQLYTNSWQRDLSKIEQSYQDFRYNELLLDAMQAILPLAVTDQGSQAYYFLGREEGFTAVTYAPIFNLGYPAVIRVFRETNDDGSYRLVYEEASLQHTVLKSSEQTLPFTYRKIINENISDLSFSYFGWKDITARIASQTDMDNGDGSTPQWFDEYDALNRRLHPQKVKVVMAGFTLEFAVPDRSRINISPEDAENPV
NZ_KB907702.1,Arsukibacterium perlucidum DSM 18276,type II secretion system protein,WP_019674718.1,,17560,17982,-1,422,MKHCQGLTLVEVLIAAVILFAALSLSAVTLQTLRQSSAQADKVIQTLQPARMVTLSIQQHIRSQPQDNMSGSGKVGDVSYQWQASVIQTGSAPEQLDVDSGSITVPPERFRLYQVELQLEMQGRVELLQFKELAWLPLTF
NZ_KB907702.1,Arsukibacterium perlucidum DSM 18276,prepilin-type N-terminal cleavage/methylation domain-containing protein,WP_019674719.1,,17979,18365,-1,386,MVSQRSAGFTLIELLVVITIMTTLLSLVAPLMVEQVDKAKAAAEYQQLEQYLADSSKVAFLKGQQVQFRFDGKQLVRYVGSAKAELTFEYLFFPQQSLSINANGFTNTLSIDVVRGKAELKLRLTEGK
NZ_KB907702.1,Arsukibacterium perlucidum DSM 18276,type II secretion system F family protein,WP_019674720.1,,18372,19574,-1,1202,MALFEYSGFDKSGARVSGSLEATSIEQARQSIKQQGILLKTVTAEKPLQHNAMFGANRVDLADIEFLTAELSLLLDSGLKIDKGIELLKSANKKPALARLLSKISTELRSGKQLSQVLAEVDDLFDPLYVNLVSIGEKTGKLADIFRQLAEDLAFKRDLQKKITQALTYPAVILFVCLASVLFIFNYVVPNMATMFERQQDLPLYTVMLLSSSAWLQKYQLLLFAAIAMVVFVVFHYRKNKVLKQRWQWLGLRLPLVKHAVMLIERIRFNGGLAMMLDAGVAIDQALELANGNINNLELRAEMQIAIGKIKRGDQLSVALRQTRLFPDFFASLLSVGEESGELGRIFKEIAQRSQRQFTDWVSRFTSLLEPLLILVMGGIVGGVVVIMMLSITSATDVGL
NZ_KB907702.1,Arsukibacterium perlucidum DSM 18276,type II/IV secretion system protein,WP_019674721.1,tadA,19574,20001,-1,427,MTNLPQLLQSFNVSLADVEKATAYQRKYGGQLEQILVSMGSLSSEMLPDVYAKLLSLPRLSDDQIADWTLPSQAKTMPLTALADKGWLPFAVNDAGWQFVTIAPLNKDAQEIVTGLELDCCLMLASSEQFNKLAAVAQQQDDTAPSGELTSIEEARLRELASEAPTVNLLNALITKALRQRASDMHIEPSQGRAKVRFRIDGVLQDIDIIPASLVLPVTTRLKILSNMDIAEKRRPQDGKIEMRIGGIELDIRVSALPLNDGESVVMRFLRKDAIRYDMNVLGIAADIEQQILQDIKTTAGVVLLTGPTGSGKTTSLYTFLNKLNTPGVKIITLEDPVEYQLDGINQVQVQADIGFDFAAGLRSIVRQDPDIIMLGEIRDKETAGIAMQSALTGHLVFSTVHTNDAPSAYTRLLDLGVEEFLLNAALVSIVAQRLVRRLCPDCAKPADDAQALSERYQLAQYATELNNGKVELHQAVGCEHCNFSGYQGRLAIIEYLRCTDEIKAIPKDQNFIQLARRQNRKQGGRTLLEDGLLKALQGSTTIEEVLRVAG
NZ_JAEH01000002.1,Shewanella waksmanii ATCC BAA-643,GspE/PulE family protein,WP_028771736.1,,1,1516,1,1515,MSRLHELLIEANVTEADIEKASTYQKKYGGRLEQLLVNMGALSEDAVIDTYAKLLGVDTVSGEQLDNAVLSSEKLDLNINFLKENKWFLCSDTDSIVFICNSPFNMSVRQYLQRKNLQYTILLAHEAESQLLANRLDAETSQVMSDVNELSDLEEDKLRELASEAPVVNLLNSLITRAVKAGASDMHLEPWQGRYRARFRIDGVLHEVETISSRLQLPLVSRLKILSGMDIAEKRRPQDGKIEMRIASTDLDIRVSALPLSESESVVLRFLKKDSVTYDMSVLGLSEDIQGYLKEDLTNTAGVILLTGPTGSGKTTSLYTFLNELNKPEVKIITLEDPVEYQLDGINQVQVKPEIGFDFSAGIRSIVRQDPDIIMVGEIRDQETARIAMQSSLTGHLVFSTVHTNDAPSAYTRLMDLGVEEFLLNAAIVSIVAQRLARKLCPHCAKPHTDALALIEKYKLDQIASQTGVEEINLFEAVGCEMCGGSGYKGRTAVIEYLRCDDDLKQIPKNHDFVLKARALNKKHGRRTLMEDGFYKAIRGISTIEEVIRVAG
NZ_JAEH01000002.1,Shewanella waksmanii ATCC BAA-643,type II secretion system F family protein,WP_028771737.1,,1516,2712,1,1196,MPTFKYTAYDSHGAKIDGMIDADTQGTATKLLIAQKLKPVSITKAANSASLPGLGKKSVGLEDIEFMTSELALLLKSGVRIDRAIGILAKNKSRGALSQLLVQMHTDVKRGEGIAVVCSKHPKVFDNLYVSMVKLGEASGTLDKVFAKLSEDLRFRRDLKRSLIQALTYPTVIFFVCITCILFVFNYIVPQMSGLFEGMKDLPFYTQLLLDISRWVQDYQLIAGGAIFGAVALLYYQRESDRVKFDQLISKAPLVNSVVVMIERIRFNAAMSMMLNAGISVDKAIELATESVGHSDIRSGLQSAGAAIKKGAGLTESLSKSVIYPDFFVSLLEVGEESGELSPVFDEVAERSRDDFQSWATKFTSLLEPLLILVMGGIVGGVVVVMLLSIVSVNDISF
NZ_JAEH01000002.1,Shewanella waksmanii ATCC BAA-643,prepilin-type N-terminal cleavage/methylation domain-containing protein,WP_169732683.1,,3103,3525,1,422,MTKQKGFTLLEVLLASFILFLALTAMTMVYQGALTSSRVADRSIAVHQIVGFATADIKKRLADGPELPDEEVSGGGRVGEISFSWKASKVLDSRGQTILGADGDFVRPDTRYQIWAVTLTLKLQGYRKPLQYRIFRWQEK
NZ_JAEH01000002.1,Shewanella waksmanii ATCC BAA-643,prepilin-type N-terminal cleavage/methylation domain-containing protein,WP_028771740.1,,3510,4211,1,701,MARKIEAGFSLVELLVALTIMSLTMLVGSYAFSTFSNKWGQDMGRFASTFSQAKQTTLLPRVIRGIYPYVVENDTGNARIYFEGNSDGFVGVVQNSMFDSQTPAVIRLSVVQEQDFTYSLIYEEWQMYDAIFTKLTEDFDFTHRFNVMSNYSDIQFEYYGWYSADVRGRVASAPIGQPERGWYRNYNSLAKNLLPERLRITLTRGEEKLRWEFNVVDQHPRWLLWNDGQNDEV
NZ_JAEH01000002.1,Shewanella waksmanii ATCC BAA-643,hypothetical protein,WP_028771741.1,,4201,5061,1,860,MKYKQSGIALLQALLITLVIIVMAIGFSYNARDQVEIAADFVARTEADLKLDSAKSDIMYWLSVKEVHKIRPSGVPKGWNLYGKPFTLEKGITVSIQDIAGLYPINLLGEASDRRWLTAIGIPDSQATTIAAGLASIKNQSSSRVGWASNDSVKRNMQFLEHEFRVAGVPEQFIGRMSDTATIYPTTYLNPLNMPDNLLPLLYPRDAVTAVVDARNQGQLTQSMLRQLTGISNYDRFFMNIQMHPVGLYRVEVQSEVNDIKVNRLLELMLLPRTKPYIYVLQERNV
NZ_JAEH01000002.1,Shewanella waksmanii ATCC BAA-643,hypothetical protein,WP_157577399.1,,5127,6218,1,1091,MNLQIVNKALNRVAYITNHTKSLVYGADKNVSFSEESSVRHWIVVLGRQHYSEVQSSYPIADPVDAIKAAKFEVDETDQIHFYNAYQLDEQSCSVTIWSVNKETVEQLCPKAFYIVPESYLLAEKNSLAVVDLEGQPNVYIAKGAKGPVSYIEDSFIDTAESFCQLAEIALPENIVSIDGRSIAKSLFHGMKRNLSKSLIQFFYFGSGNQQSLNVPYKAIGLTFVAVVALCNAMFSSFLMYQEKSVTTEFEEKRTQVEQVLDSQNELAQQIELNRLLSSQISIDDTPWRAIEVVGSAVNAGMQITNLSYQNGEYRLAGVAEKATTILSLLSSHEAVQAASFAGPVRESRTGERFSINFKTKAF
NZ_JAEH01000002.1,Shewanella waksmanii ATCC BAA-643,hypothetical protein,WP_028771743.1,,6218,6805,1,587,MKELLNKKNLLIVVAVLVVIKFGLTPVWEWQDTKVNQIKQLKSRLDRAEALSEQGSEFESVLEQAKSINKSRLDAIHVSQDISALKLAKMEELDRLLASFDVRITSSSWLADSGSDLTVLNLKLSVRGSTKNLFKSVLSIRQMPQATVINDLSFRVVRMQGDTLGDAGGSMVVSFYVLGPELAAKYGVEVANADE
NZ_JAEH01000002.1,Shewanella waksmanii ATCC BAA-643,hypothetical protein,WP_028771744.1,,6792,7340,1,548,MLMNNRWIQMTAAISLLLCSLDFVNRYEVGGEDRQGRTLDTVESEQVFSPFADERVNKILAQFEKFDVPIEEKVANKPATKPKPNPRLSKEFQNKQKGNLSKLFIGDYSYRPLGVFDADAKFALLEQRHLKNRKTKRIKVIEGQKISDYQVTSIELNSINIAAGKRKITLRLFDIKQKANNK
NZ_JAEH01000002.1,Shewanella waksmanii ATCC BAA-643,secretin N-terminal domain-containing protein,WP_051484395.1,,7337,9502,1,2165,MKQPMLVIKPNRKALSLCIVAALSGCASTDEPVEGSLDDPRFRVPDSYLEGSGTDKKQSDAAENPNNEFQQDRKLVEPLKSLPSNQVSFAGSEKLAEAFPSDEMVKVAAEEMQLQDFVHYTFGQLLGANYVIDESIKSDGAPVTLNIAEPVSKRRLFELVNTLLEQREANIVFENDIYFLQKLPAGSAKKVTTGIGRTPESVPYTKGEVLQVVPLLYGVKISIERTLNQIIDARITADYEQSTIFVRGTRTEVIRALELVNLLDAPANRGKNIGLINLTFIDIGDFISDITALLENEGVPISAVKPDNKNAVLVPITQIGAVAAFTSDEIILNRIRYWAQILDKPKAGTGLRYYTYQPQYARASDIGESLSSLLGAKASTDTAAAQKRDSSASASTSNIRKVTDSTGRAPTASKSKVGASSDSMSFVVDERSNQLIFYTTGTEYQNILPLIDQLDILPKQVMLDIVIAEVKLEGTFQYGVEWALSQGDVSLGGKLGTGGEGFKFSLEGVDGSLNVDFFKKNQFVNVLSNPSLLVRDGVSASIVVGDDISIIGETTDDPTGGNGNKTTASAYRKTGIDVSVTPTVNAQGVVIMEITQSISNATESSGSGGNPNISERRLQTEVVADSGSTIILGGLISENIDQQSDETPWVADIPLLGNLFKGQKELSSRVELVMLVTPRVVDRSDKWGEIKNSFAQGFQNLYIPGSQQAEDSKPTTVAIEE
NZ_JAEH01000002.1,Shewanella waksmanii ATCC BAA-643,hypothetical protein,WP_028771745.1,,10001,11440,1,1439,MSFKKTTLALALASVCSAAIATPTVTVPNSTFSKQGLEQKAGTVEGATVEIKHGAALQVGDRMLVEISGNTTVTWPITVDMLSGDDTSVTDPATDASATGVWGLLDSDGATATYRLTNLETAGDVLNTVNSVTKFAGYDVDVVDILASGVNFSVDFKLADGTNVDGDKVTKPVASSQDQFGGSTIAGVDKANEVVDIEAERKTFVGGSTQDVVTITAAAELTPAGGWGKQNQLPTTEEEVATVKNQVFTLKGDFTSTTVTANGVTITPVDGKAVYTYVTGSDAGSAIGDLTTTAQFVITPTGAAALKAPQSFTADVVYEYYNTVIAGSALTGGIASSDTPLGMFDAGTNLDAGEWTLNGSIVHVPYMPYGPGISQIVYVDNKGTQDGSIFVDWYDEDGMSGTCDLTTDYGVAATAGTVTKFTAELKSCILGDATSEAKNKVAFTVTVNSPEDDITVYSAYNVNGSDRGMVNNSQYKGVK
NZ_JAEH01000002.1,Shewanella waksmanii ATCC BAA-643,hypothetical protein,WP_028771746.1,,11521,13305,1,1784,MIVNKTSFVISLLLIGLCFICYYPAIYAPFYIDDFGSLVGNSKLNAINIPDLWSSYGMRFIGYLSFALSSVYFGEQPQDFRWLNILIHAAVAISVFILIRLLLISVWVKGKDKDKELLIGPIEHKKVVLVAAILACVYAVHPLNTQAVTYVVQRLASLVTLFYLLACVSYLYARITTDKVKRCLSAAFCFATFALAILTKQNAVTLPLMLLLFEVTLFASRRFKRNLLFAGMVCLLLSFMATLLPAFEHSLALIDSASRETTLISRVDYFATQMAIILDYMNKFFWPTGLQLNYPNITKIGFTETVTWLAAMAHITIVAVSIVAYKRFPLITIGVFFYYIAHLVESSIIPITDIGFEHRAYLPNVGLIICWAGVLIELSNKLGNKLIVAVGALVVCCLGYLTYDRNTLWSDKKAFSQNEVIVAPQSIRAHTMLAAVYVNEQKPLDAMREYQVAIDLSVEQGKVSYGLLRDYIRVLYSLGQYESAGTLTTLVMKYTSAHRRKDRSEVLALIAVSHMQASRFGFAKGLLRQSLKLDPANGFAVYQLGSLLWRLGEREEALKLVEGFNPKSDEDQAVAQLHQQMLQIISTEQLDMQQ
NZ_JAEH01000002.1,Shewanella waksmanii ATCC BAA-643,glycosyltransferase family 2 protein,WP_028771747.1,,13431,14159,1,728,MKQAIVIPAFNEVKTIASVLKSLEQLSEFDVVVVDDGSVDGTGAEVKRFPGVVLLTLSSNLGAWKAMQTGIRFCYTHGYDRVVTFDADGQHIPATIPKLIKHKLLTGSDVVIGSCTQRGSLARHIAWRFFRLLSGIKVFDITSGLRIYNKDAISVLSSKQATLLEYQDVGVLLMLKSYGLTFTELKVAMKPRQDGISRIFHSWWAVAFYMAHTTLLCLSKIRKNHRLADVSSHHNLEKTNNA
NZ_JAEH01000002.1,Shewanella waksmanii ATCC BAA-643,DUF2304 domain-containing protein,WP_028771748.1,,14152,14532,1,380,MHNYQIFSAIIAVIFFITAFVLVRRDTILPGSALRWTLLSILILILGVFPQLSDIAAKFLGISYPPILPVLFACMILLFKAPLNDIQRTKDRIKLERLVQRVAMLEQKINQNTDNNDGLKKGSVKG
NZ_JAEH01000002.1,Shewanella waksmanii ATCC BAA-643,ABC transporter permease,WP_051484396.1,,14534,15307,1,773,MTFFQYFPLIHLMARMKLKSKANALVLSYVWWILEPLLFVLMFYFVFKFLLHRGREDFLIFLIIGKIPFLWFSKSVTSAANALIENRGLINQRAIPKFVFPLVNINEAAYQQVVTFSVLMLYVIFSGYNDFGLWWQMIPLILLQYLLICGLGSCFTLFVTYLPDFRLIVQMFMMGMMFCSGIFWSIGDIADPHLQKMILLFNPMAVIIDGYRQVLMHGQVLNFLAFLPALAISLGLNFIGFGALKKFDGLLTRRVFM
NZ_JAEH01000002.1,Shewanella waksmanii ATCC BAA-643,ATP-binding cassette domain-containing protein,WP_028771749.1,,15307,16017,1,710,MSDVILSAESVTLEYQSRTGFLKQFTHKAIDDVSFQIGRGEVFGILGRNGSGKSSLLKLLAGTLTPDSGQVVCEPSVTRSLLALGLGFNNNLSGRDNALISCMLNGYTQKEAIPLVQQIGEFSELGQFFDQPVKTYSSGMRSRLGFASAVLAKVDILLIDETLSVGDNAFKQKAENALLKKISGDQTVIFVSHSIQQINKLCSRCLWLEKGKTITVGPTKEVMAKYLDTEQEQVKI
NZ_JAEH01000002.1,Shewanella waksmanii ATCC BAA-643,glucose-1-phosphate thymidylyltransferase RfbA,WP_028771750.1,rfbA,16019,16900,1,881,MNRKGIVLAGGSGTRLYPLTQVVSKQLMPVYDKPMIYYPISTLMSAGIREILIIATAVELPRFQELLGDGSSWGVRFDYVAQPSPDGLAQAFILAEDFLQSASAALVLGDNLFYGHELPQTLQRANRVIHGATVFGYHVAEPSAYGVVEFDANGTVVSIEEKPEVPKSNYALPGLYFFDSQVVDFAKYVKPSARGELEITDVIEQYLRHESLSVEIMGRGTAWLDTGTHDSLLQASQFIETIEKRQGLKVNCPEEIAFRMGYISDQELRELAMPLKKSGYGQYLLNLLEQKLF
NZ_JAEH01000002.1,Shewanella waksmanii ATCC BAA-643,"dTDP-4-dehydrorhamnose 3,5-epimerase",WP_028771751.1,rfbC,16924,17472,1,548,MKFISTSIADVKIIEPTVFGGERGFFMETFRSETFNKHCGTRLFVQENHSMSTKGILRGLHYQTQNTQGKLVRVVRGEVFDVAVDMRQDSKTFGNWVGVTLSDVNKRQLWVPEGFAHGFYVTSDIAELVYKCTDVYNPNAEVSLAWNDAELAIKWPISQGDEPIMSAKDKLAVSFLQAPKLD
NZ_JAEH01000002.1,Shewanella waksmanii ATCC BAA-643,dTDP-4-dehydrorhamnose reductase,WP_028771752.1,rfbD,17476,18372,1,896,MKVLVIGKNGQLGFELAKLTPSSVRATFLDSNQLDVADMNSLDEKVSYERPEVIINCAAYTAVDKAEAEQYAAYLVNLTGCENLAKVCKKFNCKLIHVSTDFVFSGQKSTPYLTTDKPAPTSIYGKSKLAGELAIQRILPTNNLVIRTSGLYSVHGDNFVKTMLGLFRSKDMLNIVVDQVASPTWARGFAEVLWQLANSPEKIDGTLLHWTDAGVASKYDFAVAIQSIALKYGMLETAIPISPILGDSFPTPASRPNYSVLDQGDIETLTGTRRVHWQLQLERMLVSLKNQTRVKDGK
NZ_JAEH01000002.1,Shewanella waksmanii ATCC BAA-643,"dTDP-glucose 4,6-dehydratase",WP_028771753.1,rfbB,18362,19450,1,1088,MESKRLLVTGGAGFIGANFVHYWLKNHPNDKVVVLDALTYAGNISSLKLVENNDNYEFIHGDICDTELVERTLRVKKLDVIVHFAAESHVDRSISGPDAFIETNIIGTYSLLKAAKKVWIDEPKADNRSAISHRFHHVSTDEVYGTLEPNAPAFTEDTAYAPNSPYSASKAASDHLVRAYHHTYGMAVTTSNCSNNYGPYHFPEKLIPLIITNVLQNLPIPIYGDGQQVRDWLYVEDHARGIEKVLDKGIVGENYNIGGHNEWANLDIVKLICAKIDLLFRDKPELQSTYPTALSAIEGESANLITYVEDRAGHDRRYAIDATKTTLELGYKPVESFESGIEKTIAWYLENSRWWEEILERN
NZ_JAEH01000002.1,Shewanella waksmanii ATCC BAA-643,NAD-dependent epimerase/dehydratase family protein,WP_028771754.1,,19482,20001,1,519,MQYERSVLLVGGFGFLGKHLISYLKTTCISPIVIAKNRPEEEWRDVEYHLIDSLSSSDLQILSDKVEAVIYMASSSVPSTGAIMKELQYTVTPAIDLIDKLTDANRDLKVIYLSSGGQVYGNELTERAKESMIPKPVSAYAFGKYLTEQSLEYLSRSKNTPVAILRVSNPIGKWQQGLKQGLFNVTYNALQNDSELIVFGSGHECRDYVDADELSFAIYKVINGSFTYGVWNVGSGVATSTLELIGEIETAYGKKVGKVFKNRRDVDPEYSVLNCEKFQRDFDWRASLSIKDIVKKTLKKKLMQ
NZ_CP059735.1,Thalassomonas actiniarum,GspE/PulE family protein,WP_044830693.1,,1,1009,1,1008,MQLSKLLQEEFQVTPDDLSKAESYQSRYGGRIEQILVNMGSLPDDQIPKLYSLLFNLPLFDISLWDEKKKPDINPEVLSVLLDNQWIPLSVKGNNWTLACRYPLDLVVNQLLVSHAINPEIYLAHESDLQMLASHYKQAADEGSQEFVGDEEERLRELATEAPTVNLLNSLISRALRQGASDMHLEPYQSRYRARFRIDGVLHDAETLSPRMQLPIVTRLKILSGMDIAEKRRPQDGKIELKISNQELDIRVSALPLNDGESMVLRFLRKDNVQYDMSVLGLSDDIEALVREDIKTTSGVVLLTGPTGSGKTTTLYTFLNALNNDDVKIITLEDPVEYQLPGINQVQVNSDIGFDFSAGLRSIVRQDPDIIMLGEIRDKETAQIALQSALTGHLVFSTVHTNDAASAYTRLLDLGVEEFLLNAALVSIVAQRLARKICQECAHPHPEAEHLIEKYHLQTLAEKFALAEIRLMQGIGCEHCSYSGYKGRMAVTEYLRCDDEIKAMPKDSDFIPKAKKHNADLHRRTLLEDGFYKAILGFTTINEIVRIAG
NZ_CP059735.1,Thalassomonas actiniarum,type II secretion system F family protein,WP_044830694.1,,1009,2211,1,1202,MAQFSYKAYDSSGGKVDGQLEAADKAFALAELKSQGLMPFEIKELANNANNILTFKQGVSLADLEFLTAELSLLLESGVRIDKGIDIIRRTKAKPALAKLLSDISQGIKKGKNLSEAFREHDEVFDPLYCNLIELGEASGNLSEIFAGLAKDLKFRRELQRKIVSSLAYPIVIFFVCLLCIFFIFNFIIPKMSSMFNDVDSLPWYTSAMLSTSEWMLQYQGYLFIGIIAGLFALVAATRQAVFINWWQNLSLKLPFIKQAVVTVERIRFNSGLAMMVKAGVQIDRAIGLSAGNIKNQKLRREMDIAKSKVKGGSALTPALKQTSLYPDFFISLLEVGEESGNLERVFDEIANRSRQEFESWTDRMTTLLEPLMILFMGGFVGGVVVVMLLSMVSINEIGI
NZ_CP059735.1,Thalassomonas actiniarum,type II secretion system protein,WP_044830695.1,,2326,2754,1,428,MARLKVSGFTLIELMIVMSIVALLMGMVGPLAIQNLEKAQSKSELMSVKNWLKQVSFQAYISGQELKLVLKGKEAKLVKTDSEEVLTDVTFEFLFFQPQTLNFNNKGYVTPTQLTGAYRNKPLLLDLKQPINGEYDIAISEF
NZ_CP059735.1,Thalassomonas actiniarum,prepilin-type N-terminal cleavage/methylation domain-containing protein,WP_044830696.1,,2852,3310,1,458,MKIPTSLLFKAKKSTAGFTLIEILVASVILFSSIAVVSVVYKGAYLASEKADSHMTIAGAVPIILGNIREKIRGQGNADDIQLHGNDVAWGVVYQWRADQLDFKPPPVSFDIDSGQMIESDNKYKLWQVEVTLTYSNASHTFEFNELSWNEK
NZ_CP059735.1,Thalassomonas actiniarum,prepilin-type N-terminal cleavage/methylation domain-containing protein,WP_084692436.1,,3300,3989,1,689,MRNRQSGFTLVELLIAVAILSALLFTGSFAYQMLANRWGKELGEFNTSVQSTKSLTLLDDLLRGVQPFIVIEKNPGFDKPAFFFIGHNNSLLSISRSGIFSSGYPEIFRLTVQVQDNGLHELIYQSVSSQGLLLLTAQQEIVFEHQITLLKDFDEITFSYSGWDGFMEYAERAKSLKPASWREKFSGIDNQLLPEKMRVYAKKGGKVADFNVGFDQRSLRYLTPYIDNY
NZ_CP059735.1,Thalassomonas actiniarum,type II secretion system protein GspK,WP_044830698.1,,4102,4869,1,767,MASWAQDRVAAEIALHSAESQLLFTLMTQKKFPEDGVDPLVLLWNFYGQEFQFNDLVRLSIQDQAGLLNLHTIHQGRFLALLQSNGLSEQRSTEILARLLDWQDSDALVRANGRESSVEFGSVRNGAIPDITELEHVLELSPEEKQLIYQNCGIFFLGDFNPMMAPIPLIASLSDQLSAQQIALLRESNQLTRTNFIEITDIKEEEDMRFYPSNVMKVIFKSSVNKAFVTRELVISLSPYAKNNLSPINVLVDKS
NZ_CP059735.1,Thalassomonas actiniarum,hypothetical protein,WP_152646451.1,,4931,6010,1,1079,MNFAGYFDGQLYRFSRRADRLELVAAEANFKAQVIIAASAYYQENKLNFPIDDKKELKKLLKLQLAANDVALIQKSADNLSYVNTWSFDAKIPKSYLLFPESLLFASFSQNGDILTLGNQDGSKTFITSFDGVIGSASDLGAIDSAEKFAMSAAAPFKRELLLEHQDKGLFLASSLVRLPVNKLLTFFVKPAAQNSKRLALQLILPAMVMSFLYLLAGSGYLLLKTSLLENQLAQKSEQVAKLLALESDLDNKFARQQQLSHFWQSKQNTAGLWQVMAPVFEQSTIKNITRRGNAFVIKGRTPNASQLLELIAANANVAKAKFEAPVRKDRKQERFTISIELTESLYLQTGDEGEAVGE
NZ_CP059735.1,Thalassomonas actiniarum,hypothetical protein,WP_044830700.1,,6003,6587,1,584,MNDLKKHALALSFIAVLVCIKFVYIPIIDWQDEQLGTLALLERKINKVDHLLTEEEQLTVDHEMSTRQVLALSQGFYHNQDPEPFKRQQQKNIEAELLAHKLKIKNIGWQITMENADVNLNQFSINYTFDGKSEDVINYLLAISANEKFSELTEFNLSFVKQKAGKLGRVSARLRRVFFMDLNQEQMTKAESRA
NZ_CP059735.1,Thalassomonas actiniarum,hypothetical protein,WP_044830701.1,,6584,7183,1,599,MSFYHRIKVFCFQPLVLISAGIALLWSFADLSERFVTDNISGNSRDKSLVHKEFLSRIISSEQQKDIAALYDKYRVTENNASQEKESVGLSLKEQQEQQGVLKQVFVGDLKIELKAVISQGAPAGNSPIEGKNSTVQQQLKALLLVSNAKAGTAEVQEFANNSLVHGYRLSINNNVQVSLTRTLEQGEQQITLTMYQIK
NZ_CP059735.1,Thalassomonas actiniarum,secretin N-terminal domain-containing protein,WP_044830702.1,,7197,9269,1,2072,MNITYKHPLTLSLIIALTLSGCATGPEEKFSPRGSYLQGGKIENKQSEGEARQQSGAVVSEEQKDKEKFRFVTPLKLNTQQAVVADDVLNLFNEQNLLKITADSLPLKDYLHHVLGEQLNVSYVLADEVNKDGKAVTLNLQDEISARKLFTLTEEVLAKRDYVIRYDDGIFYIHQNDGGKSKGDIVYGYGKDMLDIPNSSAEIIQMVPFEYGMQQSLGNTLRVLLGVKSIPDKDRNSITVQGKRKDIVKALELIRLMDRPTLRDRQIGLFNSTFIDGNEITKKLQELLGQEGISVSKGASSQSALSVVSLDKQGTLIFFANNQQIINRAVFWAEQIDQPLKTNEKQYFIYAPRYSRAVDMGESLEALISNTGGGSLGRAGSSTSATSQNQSAAANRRTSRSASSEKMKMVVDERANSLIFYSTGEDYQQLLPLIKRLDVLPKQVMLEVMIAEVTLTDEFKQGVEFAFSRGSYGFSTAGAFMGDGFGGLSYLLKGSDGQIAAELLQTNSLVNLLSKPSLVVRDGVSASINVGTDIPIVGETTSDPISGDNQTTAIEYRKTGVELTVTPTVNAQGVILMEIKQKISNQVEVGATTAISPSVFERSVDTEVVAESGQTIILAGLISENRTQKDSKVPFFGDLPFIGGLFKANTDAGDKTELVVLVTPRVIESADEWSDIKERFTQGLEKLTLD
NZ_CP059735.1,Thalassomonas actiniarum,hypothetical protein,WP_044830703.1,,10001,11716,1,1715,MFKKTLLALTIAGTASAANAATVYADITDAVVGDLNTLLTVATPAAGDPYGTDGVITGTENNCDAAATTLGVTLDEGAFTNAGADDDSLTFGAAGQDQTRVIMTATNACTILLDAETKDTTPALDGIEYSTATAIELTPDFIVGLGGLKDEDTITLTFSGAKIDTTLTVAPTVTVSGDAGVRDTGTAATFIGTAADMTFDLLDIDPDGEFVRFTVKSADSATTTVAPNAILNVAGIFLDSTGLSSATSVAMSTVAINTSGTEYDPSSAATIVSLTPQYEATVTTAFDALIDVGDDRQGFENSASADALTLNVDKLTTGLELTPEEATYVITGDFSWMLDDSIDTDESGTLTSAEIANAVTYAGDTLKSYAIDTDLTELTVTTTTGAAVTATQVFTFTVPGYDNGAMEHPVINVQDFTVKVDVQDDDAFTTDPVNMSANLITDAGEWDLNGSVIYLPYVPFGPNTQPIIRHTNKGNQTGDLTVRYMVEGVDTSWNALSAANVDDATPGVRNMLTLITDALKDEGYDATTDGFKVALEFVTNVPSEDVFVYGGAKVTAEGQDRIHLGTLKDND
NZ_CP059735.1,Thalassomonas actiniarum,tetratricopeptide repeat protein,WP_044830704.1,,11826,13592,1,1766,MKKNKMADLFAVAQQAFDSRDYKRAFSSLNKFKRAKTEIKFEHVLLEAKVNLALKKFEKALLFKTAGEQLAVSAKQKVEWHNYVAEIYQARHQVEGVIYHLEQSLALDKSIANAVARHRLLTHYVQQEQYDKAREVGYKLLDWQGYFISAAFLLMDCVFATDDKTEGLKLAKSLTGHSDYLAEKEMIHIFNKLLKVKAIDEAQLFVEKEKKSKGVQYWHQIAQAIILVHQQQISRAITLFKEIKGAGSIYEMDFHRALRDFYFNARQESQFFALAGDFHDDYFNLVYLEEYVSLEEHDKLITYTVQPGIAPFLHCMADYNKLISYWLLGRLDDCVALLRTNKEFISISHQGHPKHLKIPHIFMVYIQALVRDRLRKKPEAQVPGHQVIYVIGESHALGLHDQIFRCGDSSYQGRVKFIKGIQMHHLAGEGDNKYKYYLRRHLGSIEDNASVLFTIGEIDCRIGKGLSLAAKKLRRPLDELIDQTVKGYIEYIKLSLQTKPIKKVYIQGIPAPNIEKYPWLDLAGHVRLIQKVNVLLKSQVLAQQWFFIDVYAATSDVSGWSHGKRHLDACHLKPSLYEDVTAWIASPQ
NZ_CP059735.1,Thalassomonas actiniarum,sulfotransferase,WP_044830705.1,,13785,15473,1,1688,MNSKEQALLAKSRNYYQQKMYAKAERTIAKIKSTDSEVYKLAMQVYFSLKQYAKCSQKAELYLRENPNLHGKKQAYLLLAKSQLELEQVSSARINLEKSMSLDSSIDNAEAIVALLMVYMTEYNLVGVETLAPRLKSWSKYFLISSLFLIRSAARMGKRELLKKRLMDIFPYAEAIEGNNAAEIVNFMMDLGLYDEATTLIFRHKKVNPKANPRSLLSKLYLFKKQYQEVIDWFDESKLEQYPATGYHCAVALDKQEDYARAFTYLTSAAKIRKKEQEKAKQPDYVKLYLSALNKLKPVQSQANPNGYQHVFAVGFPRSGTTLLDNVLDTQAEVMVLSEPPTIQFVVDAFASKLKKNYPRDLASLTEEEIEVLREVYFNTLRMIDQAAPQNGVLVDKNPHHTVHLPLIKTLFPHAKIILSLRHPLDVCLSCFQIDFSANEHNRYLVTLDEIVNRYQEVFSLVEGYQTNLNIDYLELRYEDLLSDFDAEMLRVFNYIGLEGDDSYKEFHKHAGGKYVVSASRGQTDQPLYNSSKEKWRNYQEQLGVYIPALAHFIDKYGYSTE
NZ_CP059735.1,Thalassomonas actiniarum,glycosyltransferase,WP_053042755.1,,15599,16558,1,959,MLKRLLKTLPLFKNVYQAKKLAEQLTVAQYQLTLAVNHIALLNHKFLADQRVADGHGVSGDVLPKASCQQLLTVSLTTYGKRLSTVHLTILSLLRQTLKPQRLILWLAEDEFTLEQLPECLLELQQFGLEIAFCPDIRSYKKLIPALKRYPDDIIITFDDDVIYPQDQIERLYQAHLAEPAAVICHRAHRISKKANGDIKPYIQWPFDISSAKSGFDIYPVGIGGVLYPPGSLNPEVMNEPAFMRLCPYADDMWFKVMALKNLTPAKVVDNPTPYRDYLQTPGSQAVSLWESNREKNDWQLQALLSAYPELIGQVQAFS
NZ_CP059735.1,Thalassomonas actiniarum,sulfotransferase family 2 domain-containing protein,WP_053042756.1,,16664,17338,1,674,MFKRLKKIIPFSYYPYKAFMHKHKCIFVHIPKNAGSSVLTLFYDQGGRKHAKWYEFYESNDYFFRRYHKFAIVREPLARLYSAYRYCLKGGNQQSDDLALREIILANSNGFSDFIEFVLDADFLMLQLLFQPQYLYLYDRQLICKIDTVLRYETLHKDWQALAASQGYPMELPKVNAAAVESPVPKISPRALAKVYSLYRLDYQLLAYPQKSECSCDSLEQPGA
NZ_CP059735.1,Thalassomonas actiniarum,oligosaccharide flippase family protein,WP_152646452.1,,17310,18662,1,1352,MTALNSREHKGGIVQMLLSGRLRGRAIWVLLAKLLASFLALLFHFLLARQLSSAQYGLFSLAMTCILFSCAFAKQGLEPLLIRHLAVKKQAGIRDVYCFFILYAGLSACVVAALLLLFGSFLALDIVKQPKLLELMPAMAMLTVLQTFLAVNSSALRGRGYPGVSLLFTGAVTFALALLFLLLQPPLTAVGAINQILFSSMFACLLSFAVTGSKLQLGVASEQHGRSVLSGAMELIQNRPLLKGGKDLFVISLAALATQQLATVILARYAELSEVASFALAAKLALLMTYPLMVINAITAPMYARYWGQKQLTAFKSLSVKSNRVLLLAATILLLLVYSLSQPLLGVFGSKYQNAVQLLQILALGHWVNLATGSVVSMLIMAGHERVHRRNTLIITVVNIAALLWLVPLYGSYAAAWITCAAMVVKNLVALYFVRKLIFSRIGESGNSMI
NZ_CP059735.1,Thalassomonas actiniarum,sulfotransferase family 2 domain-containing protein,WP_044830707.1,,18659,19348,1,689,MISTFDQCLFVHIPKVAGQSIESAFLARAGLSWQQREAFLLRPNKDPALGPPRLAHLTALEYLELGYLEPEVFTRLFKFSFVRNPWDRLVSEYTYRQYKMSFKDFLFRGFPTVKDDDYALSQDLYRHVLPQHYFLYDQEGKLLVDFVGKFENLQQDFARVSEIITGQVLPLPHKNETPASGARAVLSRLFKQKKKKTTKPHYREYYDEESRAFVADLYQQDIALFDYQF
NZ_CP059735.1,Thalassomonas actiniarum,sulfotransferase,WP_053042757.1,,19418,20001,-1,583,MAVEKLTLQQKLTAEWQWLRQKAYAQNMRMHSTLIEWSIRKASASHRTLPNCMIVGAQKAGSSSLYHYLVQHPQVHASFSKEKHYFDGGTVANLDTFAKGQPWYQAHFPLKTQVKPGDVCIDASPLYLFNPLVAQRIKAQIPHCKIIILLRNPVERAISHYYHVKRFGHEKLTLKDALAQESNRLANALNRKDYQDPAFRLYSYQARGLYLQQIALYQQHFASEQILILNSEVLFSRPEDILPRVFDFLNLDTDYQVPDLKAVNTGNNKTKIAPQDYQSLQDYFALPNQALFEHLGETYVW
NZ_CP059733.1,Thalassomonas viridans,glycosyltransferase,WP_053046363.1,,1,822,-1,821,MYNKTVGIYMPTHNRVELLKQAVDSVLAQSYQNFKLVIVDDGSSDGTSQYLSSLTDERVSFLRHESPQGACRSRNNAIAALDTELVTGLDDDDKFLPHRLEDLLAAYSDNYAFICSGYYWNYGAHKKALFKKNQQISLSNAFDLNQCSNQILVRRERLLNEGGFDENIPALQDHDLWVRLISKYGPAFRIGKSSYIVNDDHSIERISSLKNKLRAIEIFEEKHGALMKVRNKENFLFYKKKVKGESFSFTDLLKSSRYGLFGLKLRFYFSSYFKGLSSARLNYLQTGDVSKSISQYFLNYMKSFKGIVFPVLVFALIWYFLFANN
NZ_CP059733.1,Thalassomonas viridans,glycosyltransferase family 4 protein,WP_053046362.1,,812,1882,-1,1070,MNILIVSNMGPKPSAPLQGQFVDKQVERLRQNLADIDYFYLSWNGDSTLHRVFKYPVYFFQFFMRYILSAKKVDIIHLHFYFPTILCGVFYKLLRNPRVKITVTCHGSDIYAYQPPGGAYRYLSRFVNHWFFTSNSLYKRFFQKLDNKTILSAGFDDEVFTFSQNEVNKQFDCLFIGTLDHNKGVDRLITLTANMPDVRFGVVGTGGLSEQLQQCANKYKNLTLLGSKPPAELANIVKASRFLISLSRNESFGLVIAEAHACGIPCIATETDGSLEQLENSPYLIAQRNIDEEALIEQVMGKIKQALNLAISDYQDLQVKAVERAGKYSLSNVISVIESRYKALYCRQSSGCKHVQ
NZ_CP059733.1,Thalassomonas viridans,WecB/TagA/CpsF family glycosyltransferase,WP_044836576.1,,1887,2615,-1,728,MTDMNITPVEIAGVKVHPFASVGELLNCVFSSDGEIRPGMAVAVNPEKVLKSLEDEETKAILNEATITYADGVGVVKALERKLDRKLVKIAGCELWLDVLNRSKDYHSKVLLVGARAEVVEKSAEILLNRGINVVHYMDGYFSDEQVVINAIEKHEAQIVIVAQGSPRQEKLIKRLQQIHPKVFYMGVGGSFDVLAGHVKRAPALWVKCNVEWLYRLLAEPKRVFRQFKLFKYVYLYMLNRL
NZ_CP059733.1,Thalassomonas viridans,putative capsular polysaccharide synthesis family protein,WP_044836575.1,,2854,3708,-1,854,MLIKKIKAFKSYFNAYLRLIDRYKAEDAIFIYQMGKVGSTSLEHSLVNGVHVHAFYSKNHTCPVRLQGLAKFGIRHILYRARQEFVNYLLRRTFKQRKRTKIITLVREPVARNVSMFFHDLDAYLFSAYTNCVNSRSKPLATRTQDADLLLEVFNQEFNHSYPLNWFEREFLPMTGIDIYKYPFNTDQGFVHIIQGNIELLCIRTDKLALCGDMLEQFCAQPVELLSRNVAERKWYAEVYQQFLLDYQPDKQQLNKIFNDKFSRHFFNEQELESLMVKYSRTQG
NZ_CP059733.1,Thalassomonas viridans,flippase,WP_044836574.1,,3725,5059,-1,1334,MNLINKIRLLPSQLWKSPDNKEILSASVIIFIFKVLAAVAGFLVSVVITRSLGTTAAGYYFFMLAALALLGSISRLGLDQAIVRFMAVANAGEERDRVNLIFTWACRWVLCASLLMSGLLYVSCKLFYAQIFDDDGYLMPLLIACLVLPLSNLFTVIQQSFQGMKRIFTFAFLNGVERPLNLAGLLFVIFALGQIELKQALMTYLAVSLFAVLLGCFFWQKHQRKGDRCKIRIPATDTKVKLWRSSMSLWGVACLSIVMGQGAQLFTGFFSTPEQVTYFAVANRIASLVAFVLLAVNGILSPKFAELKAGEQDSRLQNVYRSSTGIMLLLTTPFMVFVFIFAKEILCLFGAELQPAVKVLRLLIAAQFVKVAVGSVGQLLVMSGFERSQRKNLTVAVAILVSTSVFLIPPLGAFGAAIAVFFAMTFNNVLGLWQVYKKLNIRLF
NZ_CP059733.1,Thalassomonas viridans,sulfotransferase family 2 domain-containing protein,WP_044836573.1,,5087,5806,-1,719,MISHHDKCVFVHLPKTAGQSIESVFVARHGLDWQQREALLLKPNLDPALGPPRLAHLTAQEYLDYGYLTPGQFRQYFKFAFVRNPWSRLVSEYHYRRLHGDLAYQRDFKTFLFKHFPTPDCDDHTLGKDYFRHVLPQWRFLYDEQEQCLVDFIGKFENLQQDFFKVCQSLAIPLQTLPHKNKTLASGVRQRVKQKIKRIFPWMENKRHYTDYFDQESRDFVGQLYKKDIELFQYRFGAE
NZ_CP059733.1,Thalassomonas viridans,transposase,WP_084723642.1,,6467,6751,-1,284,MSASLGIVPRQYSSGGKNNLLGISKRGNSYLRCLLIQGAKAVVSRAKMKTDKLSQWINRIVQTRGHNRACVAYANQMARIAWAMTVSGEEYSPV
NZ_CP059733.1,Thalassomonas viridans,IS982 family transposase,WP_044836572.1,,7001,7885,-1,884,MDKLADVFCDVDDFFKVFVPEWEKQQLADAIRKRQRKGRMSMSEIMTIIICFYMSHHRDFKNYYIGYLARFYKGAYSNLLSYTRFLEVMPNVLVPLCSYFTSLKGQPTGVEFVDSTSLKVCHNLRIPRHKTFTCIAQRGKGTMGWFYGFKLHLIVNYQGEIVAAKLTPGNVHDTKPVAELADGLIDKLYGDKGYISKALESDLFEKGVTLITTVRKNMKPKALSLWDRAMLSKRFIIETINAQLKNISQIEHSRHRSMNGFMLNLMGGLVAYCLKSDKPSLNITDAELNSMVIA
NZ_CP059733.1,Thalassomonas viridans,glycosyltransferase,WP_044836571.1,,8622,9884,-1,1262,MKLAFFVDQFPVLSQTFVLNQITGLLDLGVDVTILALNRGDEKLNLHQDYRNYRLHERTVYLLDESHARCNKAVSRLFSLVRGCLGANSFTVLKSLNFWRYGHQAKSLLLGSITSQCHGPLEYDVILAHFGFNGVTANQLRELGVLQGQIVTVFHGFEISSHQALRQHQKNYKILFNQGACLLPISELWQQKLIALGASPDKTVVHRMGIDLKRFKYCPPKLTERDDSTAGGNRRALQLFTVARFTEKKGLRYALEAVAKLKDRIDVNYRLGGYGELMADVQRLIIELGISEQVILLGPVGQQEVEEELSRADVFLQPSITALNGDMEGIPVTIMEAMARGTLVVSTFHSGIPELITHEKHGLLSRERDVEALTENLLRAYQAPAEMAVIRESARRQIEALGDIDNLNQDLLVKLQQLLP
NZ_CP059733.1,Thalassomonas viridans,hypothetical protein,WP_044836570.1,,10001,11383,-1,1382,MFKKTLLALALTGAAVGANAATVITTSLPGAAPVSSQGLPATNAYTLFDDANDALPLDGGSVILTLAGADNSGITDGGRLVVNVTGAFFANPASALAVSGGTLDAAQETVVINAGDSSSTQLVFDLAQGTEDWVVVDNDTISIGDVELIVTGDSVTFDSVFTTNTDVEIATTAAAAVEVAAITDQWEAGVVLDLTANPQVSGALDALIDVADNRETFTTGTTDTLTIDANTSGTGATTNDATVTISGNFEGVASVTAATGADAAVTYTINDAMTEATFTYAAGATTDDELLSDQTVITFTLETAADEVAPLDIRDFTVSLDVDYDDAEGSQNDISLLTDAAAGGWDLNGETTTLEYMPFGPNTQMIVQATSTFDEEASVSISYLNETSGQMVTLADIGTVAPNAVTKLGTIISDAIIADSGEESGKTRVVITINAPAGNVSLFTAFKDTNDADRLGVPQT
NZ_CP059733.1,Thalassomonas viridans,secretin N-terminal domain-containing protein,WP_044836569.1,,11831,13855,-1,2024,MNNKVIAILAVMSTLSACSNVQQKLQPKKSFLVENSQSKQTDVAGVITPEKESSSVRDAEVKLIKPFAFKQEKREVEVGIIHQFSDSKMVKIAADELPLNEFLHYVMGEVLGVSYILGEGVKDNTAALTLNLQESVSHRKLYSLIDELLAEREYVIRFNDGIYYIHQAGKQTGKGDIVFGYGNRPDDVPLTSEVVWQMAPFDYGFNGTLQLTLSQLANVKVYPDSRQNMLLLQGKRGEIIKALEFMRLVDKPKLGQRQIAMYKTVFVDSQTLIDKLSLLLTQEGISVGLDKTTNSALSIVSLPNMGAITFFANKSEILDRALFWVKSIDQPEEGNSVQYFIYPPRFSRAADLGVSLEALLGAKTGSQSKTSLEKQNQQVKKNVSATGISSSNIGLVVDERANTLIFQTTGEEYRKLLPLIRRLDIMPKQVMLEVVIAEVQLIDSFKNGVEFNLTNNGAELTGGFNLSSGATGLSYALTGTRGKFEVDLFEKNTNIEVLSRPSLVVRDGVTAAIVIGDDIPTVGEIVSDPVNGNRSSVVYRKTGVELEVTPTINAQGVVIMEIAQKISNQAESDSTVAGSPIIFERSINTEVVAESGQTIVLGGLISKDTSITDTRVPVFSDLPFLGKLFDGKDDSVTKKELVVLVTPKVLESNDEWIFIKNQLAQGLEYITLDF
NZ_CP059733.1,Thalassomonas viridans,hypothetical protein,WP_044836568.1,,13967,14494,-1,527,MKIISLLSTILVLALIGFDINERFLNVKDASKNEPQLSGFAGNLSLPQLDKEQQLRIRQAFMEYDQKADKAVSKLPGLSLEQQLQQQGELTQLFVGDKLYRLMAIVSPEEQGQELLPKFALLQVTNIKDNQVEVIKIVHGGELSDYKVKITDTKKVNFRHKQRKLELLMYQPNQN
NZ_CP059733.1,Thalassomonas viridans,hypothetical protein,WP_044836567.1,,14491,15048,-1,557,MQQVIKQYGLLLSVLVFLLLLKFIIVPVYEWQQQTQATNALLSHRLHKSTFALNNRTEIAVQVQEMQKQLSSAGNLFFDYKDENVFQLNQQQWLEQQFERHDISVSNIGWQTAVPLASLGLIQHEVLVSFKGNAFDIQRVQVFFESQGKWIEFVDFNYRFGKRRGDKLSDISGRMSLRLYMQVQK
NZ_CP059733.1,Thalassomonas viridans,hypothetical protein,WP_044836566.1,,15032,16147,-1,1115,MTLTETYKKLLCRMTGYYCQGTLYRLSYGAGGISFLAAEKDGPAPLILVAAREYYQEQLKSYPVEEKKAIDGLLRLEYGEHSVKYHIADISNGSSHVNIWQFSPDLPKAKLILPESFLLHLGLDHQEVLISESASECLFVAKANKAVVSSLSGALINDVERFCTSAGLALPQQSYQIEQAQLPERLLSGLAACHLNKLLLFVTNLSVRDNTSLIKACIAPVLLTGSLYLLISSLWLLWQNHELQQQVEHQQEEVMQAVALRDDFSRDQQQLELLSDFLVTKSSKSLAWLIVADIYNRADITALRYTNGRFILLGKAPKATDFLAKLSENPLVNNAKFDLPVRKTKKSDHFTISFILKDRLVSAGDKDATSH
NZ_CP059733.1,Thalassomonas viridans,type II secretion system protein GspK,WP_044836565.1,,16160,17029,-1,869,MTGVKGIALVQILIITAILSTVALYITKTARQQVKMAHWAMDKSQAGVMAHSARAQILFELLTNTWTEKKDSQNMIVAKWNFYDKDFQLEDGVNIKIQDQAGLINLHYPKADMVIKRLLYAGINATEARRISAVLRDWQDSDTITSRYGEEHRGIGRNGPMPDLREWLHQQTLSDEQFESIKGDFSLAGVGHVNLLNSSFHLLAALTNADLAREIVQRREAGELDRQTMTQITGLVQDEDIFYAPSNKQQITITAKYGEAEITQKVLVELSPYYQSGNAPYNIMQNQGG
NZ_CP059733.1,Thalassomonas viridans,prepilin-type N-terminal cleavage/methylation domain-containing protein,WP_044836564.1,,17031,17735,-1,704,MINHRRKSNQGFTLIELLIVTSILSMLMFVGTYSYSLFTGKWQEDIGQFAKINHEASNFQRLNVILSNLMPYVVRKDNDQPGFFFIGGKDSLLAITHDGLFSQASAEAFRLMAMKTDDEKYKLIYQAKPLNALTINTASQSIDFSDKITLFTGLDRIEFQYFGWASFVEKSQASTGKNAPKPRWFTVFSGLDNQTFPERLRLTLYRDEKQIDFLITLDTNMARWLSPYLSEEVL
NZ_CP059733.1,Thalassomonas viridans,prepilin-type N-terminal cleavage/methylation domain-containing protein,WP_044836563.1,,17735,18163,-1,428,MASKNSGFTLIEVLVASAILFSSIAVVSLIFKSSYLASEKAELRVGQAGLLPALLKLVQAEIRSKSDDDNDKISGQGTIWGQNYQWDANLIAFRAAPDKFDIDIGKMQSYPKKYKLWQVKLRLGNGKGVRDFQYYELSWLHS
NZ_CP059733.1,Thalassomonas viridans,type II secretion system protein,WP_044836562.1,,18147,18674,-1,527,MGTNSIAGKKLDGLYAGRGFTLIELIIVMAIVGLLMGLVGPLTVKGYEKIQAKEEQLTLINLLRANSYRSFAAGKPGMFSLDKNSINFRYLNRNDAAGGRILAVEPPDEVTISSNNGLAGSEPIVAASEFKYLTFLPQVLQVNSFGLISPAQITLSINGKEQVLDLSEKVNGIEK
NZ_CP059733.1,Thalassomonas viridans,type II secretion system F family protein,WP_044836561.1,,18686,19888,-1,1202,MALYLYKAYDNSGAKSDGQIEADSKQAAFAEIKKLGLLPAEITEYKEAGKSLFSFSSSVSLADLEFLTAELSLLLESGVRIDKGIDIIKKTKAKPALAKLLEEISRDLKKGKNLSEAVSEHSDVFDPLYCNLIELGEASGNLSEIFADLAADLKFKRDLRSKIIGSLTYPLVIFFVCLLSIFFIFNFIIPKMAGMFSEGADLPWYTQFMLDTSAWISQYQGILLLGSVGAVVGLVTGAKRPGFIKWWQGVSLRLPVIKHAVIIVERIRFNSGLAMMIKSGVAIDKSLELSTGNIENQFLRREMEIAKQKVKRGSALTPALKLTSLYPDFFISLLEVGEESGNLERVFDEVANRSRQEFESWTERMTTLIEPLMILFMGGFIGGVVVMMLLSMVSMNDIGF
NZ_CP059733.1,Thalassomonas viridans,GspE/PulE family protein,WP_044836560.1,,19888,20001,-1,113,MQLIELLREKFHVSGPDLEKAVKYQQKYGGRIEQVLVNMGSLPDDQIPELLSQYLNIPLLDLSVWQEQEPPELEADVFELLISKNWLPLKVENNNWTLACLFPLELSINEWLKSQNINAELYLATESDIQALLGKFSQHVSTSDEADFIGDEEDRLRELATEAPTVNLLNSLITRALRQGASDMHLEPYQGRYRARFRVDGVLHEAEQLAPRMQLPIVTRLKILSGMDIAEKRRPQDGKIEMKIANQELDIRVSALPLNEGESMVMRFLRKDNVQYDMSVLGLSDDIEGMIRKDIQTTAGVILLTGPTGSGKTTTLYTFLNALNNDDVKIITLEDPVEYQLPGINQVQVNSDIGFDFSAGLRSIVRQDPDIIMLGEIRDKETAQIALQSALTGHLVFSTVHTNDAASAYTRLLDLGVEEFLLNAALVSIVAQRLARKICSQCSVPHPNAQEYTEKYDLVELAQRFALPDINLMKGQGCEACSYTGYKGRMAVIEYLACDDAIKAMPKDADFIPKARQHNASINRRTLLEDGLYKAISGLTTVEEVLRVAG
NZ_JXXW01000017.1,Pseudoalteromonas piscicida,type II secretion system major pseudopilin GspG,WP_017217150.1,gspG,1,22,1,21,MTNNMKAKNKHNGFTMMELLIVIVILGLLASLVAPKFFNKLGSASRDIAAAQMNAFETALDTYRLDIGTYPQSLNELRESDNPRWDGPYLPKNIPLDPWGNSYNYSQPGNNGEPYSLFSFGADGKEGGEGDNRDIIHK
NZ_JXXW01000017.1,Pseudoalteromonas piscicida,GspE/PulE family protein,WP_017217149.1,,19,1659,1,1640,MSLFSDFLVHNYELQDSDVRRALTYQEKFGGKLEEILVNMGILDDSLIPDILASYLELSLFDINSEFSVCVEYQYFTYFASHNWLVVKGENETLEFVTSDPLNPVLNNWLAEHEINCTIKIASESVVKSILSEYSTNKSSVDEVSSGSEEQRLRDLASEAPIVNLLNSLMTRALREGASDMHIEPFRGRCRVRYRVDGVLLDIEKLPSSMQLPVVTRLKILSGMDIAEKRRPQDGKIELKLAGQEIDIRVSALPVNEGESVVMRFLRKENVTYDINVLGLSPDIETALRADIKKTAGVVLMTGPTGSGKTTTLYTFLNELNNDDVKIITLEDPVEYQLPGINQVQVNSDIGFTFASGLRSIVRQDPDVIMLGEIRDKETAQIALQSALTGHLVFSTVHTNDAASAYTRLLDLGVEEFLLNAALVSIVAQRLVRKNCSHCSEPVNLEQEIIEKYLLHELADKCNETLQPKAGVGCENCGFTGFKGRLAIIEYLPCDDFIRSTPKDSNFVTVARQHNLASGRRTLVEDGLLKVIKGQTTIAEVLRVAG
NZ_JXXW01000017.1,Pseudoalteromonas piscicida,type II secretion system F family protein,WP_017217148.1,,1659,2855,1,1196,MNYIYRGYDGSGAKLKGNVEAEDKTQAIELLEAQDITVIELKEERKGITLFGGSKVGLSELEFMTSELSLLLASGVKIDKSLEIIKNSKSEPQLVRLIEKILSAIKSGEKLSEAFKKSSPIFDDLYCNLIQLGEESGMLSAVFKDLADDLKFKKQLKDKIISSLTYPAVIFAVCILSVFFIFNFIIPKMAVMFEGMKELPWYTSLMLDASQWMQNYQFYLIGGVLLSAYGIVNFTKKNNAFKSWLNLKSLRIPVLSHFILLVERIRFNSALTMMIKSGVVVDKAIGFAQKNLRNIELANQIEVARKKVNEGEKLSSSLNQTDLYPAFFVSLLEVGEESNNLELIFNEIADRSKSEFESWTQKLTSLLEPIMILIMGLLVGGVVVVMLLSMVSMNDIGI
NZ_JXXW01000017.1,Pseudoalteromonas piscicida,prepilin-type N-terminal cleavage/methylation domain-containing protein,WP_017217147.1,,2859,3284,1,425,MSTSRGFTMVELLVVLVLIGLLSSFVGPMVISQVEKTEAKIEAAQILKLFENASQTAFWLNERVLFRTEANNILVVREISGKQIVKKEFRVLRFKTGEIEIGATGDSSARSLNYYVNDQMRTIELVSMWPEYKGLPVNAFN
NZ_JXXW01000017.1,Pseudoalteromonas piscicida,prepilin-type N-terminal cleavage/methylation domain-containing protein,WP_017217146.1,,3271,3681,1,410,MHSIKGFTLIEVLIASIILFSTIALSTQVFQGAIISSEKAADHIKISAIKMLSLDFISSEVRKGERKGSFSNMGVMVSWEANVIKKGAPPAVFNFDENQMQYFEDKFEVLEISATFQFGRLVDTMKFKELYWHEKS
NZ_JXXW01000017.1,Pseudoalteromonas piscicida,type II secretion system protein,WP_017217145.1,,3668,4357,1,689,MKSLKGYTLVELLIAMAVMSSLMLVGSFSYQFFANRWNKELGSFSKVESLSSGLIALQSIFKGISPFVIYNTSTSPRTPTILFEGNNDALLGYTKRGLMYEEEIFRILIEPEGEGFQLVYQYNNFNKMRLLETTDTIEFEKSVVLLSNIKHVTFQYYGWNSITEKVESGSTGTTPNLMEKYSSSTTQLLPLYILVSIVTEEGSAVIKVDTEKGAHRHISPYIGRLLDEV
NZ_JXXW01000017.1,Pseudoalteromonas piscicida,type II secretion system protein GspK,WP_162467650.1,,4395,5240,1,845,MVAMISLFLLYIQQVNSAKIKQTERVKLRANAEAALQSAKAEVEFQLLTNSKQLVDAHNNFDQEDNRRNWNLHGKKFPLEGNVYASIQDHAGLISIHHYSSLRMTRALKALGMNEAQALKLISALRDWQDEDSSTADVGIDGVVDYKIRNGLVSQISELSWFSSLDEKMLKQVTSLFTTHFNGEFNPLTAPDNLLRAEVGEDYGDNIVALRDNGQLTVNQFQNLTGVVRGDGIRFSPSNWFSVLLEYSEQDITIRRKYVLNVSPYSKSKKPVVLLEESSIR
NZ_JXXW01000017.1,Pseudoalteromonas piscicida,hypothetical protein,WP_138527120.1,,5354,6352,1,998,MVEQKEITPLVVIVSSDHYKTELRTVPFTTDADVRRALKLKRNTGQFWTVGKKLSQKTEVNYWRFSEAVPKSVFSVPEALFYLCANKLRFLEVEGHRSSYYMSFSEGSFQVTRKFGLINSAEKFLLSIGEPQHFSQQFKSADNSLLINSLTNLASFNSLRLCLSFFNSQAAGIDKIKLTNSVILPLSLVLFIYLSASSLYLIGKELYVTSKYQSIESSAFSLIENQNKFDETKTKLDAINSLVSQDANYPAALYVMTNVFNKVKMSNLLFESGRFVFRAEAEKATDILAIVKEHPSVRDAKFDLPVVQSRANERFTISFTLSNTHVIEKVNK
NZ_JXXW01000017.1,Pseudoalteromonas piscicida,hypothetical protein,WP_017217142.1,,6349,6918,1,569,MKELYKYRVSLTIIACLVILNFVVVPVLSWQESKGEALLLAQKKLNKAKSVIENKEHINATSEQLQVVADDVERLLYKVENIEDFKLEEQTRWQSLAESQELRIKRFGWKTPFIEPISGLGRLDLELQIEGDGDKIVDYLLDIKAKDKLAIDSEFRLSFRGQREQQLGIFSVYLNRKFYFDPNSAGFQE
NZ_JXXW01000017.1,Pseudoalteromonas piscicida,hypothetical protein,WP_017217141.1,,6921,7496,1,575,MVLANMSAKVGGIYPKIVMLAMSLTIIFCVIDFSDKAFWASSEVSPNEVDISALARVQWGISNQTISKYKESFDGYRYEEVESSEPVEKQFTKEDEYTQSGSLTEVFVDNNVLKLKAVISKGESFQVIIEVENKQTGELSISQVTNNSDLFSFKVRVINSLSIELTRTIENREQKIQLTMFQLPTASQEVQ
NZ_JXXW01000017.1,Pseudoalteromonas piscicida,secretin N-terminal domain-containing protein,WP_045962957.1,,7502,9565,1,2063,MKQINKSFCFSMITVLTLSACKSTNPKDVGVYNVDKSYIEQNIRNTEVEGAELLGETSVNNKEKIADGSLQFLPKYRTYINESKVTDDVIDRFSNTEMLSVSAESLRIIHFLHYVLGDQLKLNYVLSDELKDDNQTITLNIQDQVSERKLFLLSRELLEEKGYVLRFRDNIFYVHQKEDSNSTLKDVVFGYGKSVDDVPQTSNEIIQMVPFTYGMQMGMANTLRQMLGIKASSDVERNAINVYGKRNEIIRALELINMFDRPSLANREIGVYQSVYMPTKKMLDSLTELLKQEGITLQTGSSTAGTVTVVNIEQQNRLIMFANERSLLDRVVFWAEELDKPINTAEKQYFIYQPKYSRAVDMGESLEALIGNGGSFSNSTSVANEASSSASRPSVTSASNKDLKMVIDERSNSVIFYTTGESYQQILPLVKRLDILPKQVMLEMVIAEVSMTDEFKQGVEFLLKGSSNYSLSTEGAFMGEGGFGGLSYALTGDRGKVAVNLFEKNSLVNILSRPSIVVRDGVQASINVGKDIPIIGQTTSDPINGERQTTSIEYRKTGLQLDVKPTVNAQGVVLMEISQKVSNELQQTTSTSGNPSLFDRTIKTEVVAESGQTIVLGGIISENRSLNDSGVPILKDLPILGELFSADTKDGDKTELVILVTPRVIQSNDEWKDIKEAFRTKFEQLSF
NZ_JXXW01000017.1,Pseudoalteromonas piscicida,hypothetical protein,WP_045962959.1,,10001,11713,1,1712,MFKRTLLALAVSGVAVSANAATIYTKASSAVQADVEKAITANAKGVAGEALGADKVFNGAADDNCTALASALGVSLINDDGAGGKYTVAASGKAGDTAAFTVVSGLDKNEVKMTANGLCTASVKPTLSTSSVKDGLEYSSVKAIEIKPVIVAGIGGYKDEDTITVNLSGAKVDLTKTTAPTITVGNDGLSTAPVNFSFDILDITAERVRFTVQTVNAKNDFVKGGAVLQLGGIFLDSKGLSSDTAVSVDSFATNTSGTDFDVASARVITTLVNQYTASVSSLLDAAIDVGKDRQEFATGTSDALVVAMKKNTDNLELTPAEVHYTITGDFSWMLDDDIDTNKDGKLSSAELGKAVKVAGLTDDAAKSYAVNTELTKLTVVSTVTGAVDTSATITFTVPGHDEGKLENLMIPVQDFTVAVDVKDNKAFSTAAVNMPALSATNAGAWTLNGSVVIVPYMPFGPNTQPILRHTNAGTRTGDITVRYMVEDEHNAWQPLAAAGVKDAKPGVRNMLNIVTDALKAEGYDSEKSGFKVALEIVTNVPSRDVHVYGGAKVDVDGQDRIHLGTFKTNN
NZ_JXXW01000017.1,Pseudoalteromonas piscicida,sulfotransferase family 2 domain-containing protein,,,12260,12688,1,428,
NZ_JXXW01000017.1,Pseudoalteromonas piscicida,hypothetical protein,WP_045962960.1,,12700,14571,1,1871,MKDLAQLELLIEKQKYKKALPLAKKLVNHDSGFRVTELLGMAQHGVGQYGLAAINLKKAAELAATSSQKAVLYRNAGICYQNLGDKYQLQALQAFELSLQFDPGFDNIQMRIVAAELAFSLNQYDLALSLAAKLIAYSDYAALGLVITLRAHLAKGDQTSFEKQMLIIEGESNAFPEQEAKNLLVTLKEADKQSWFMNMLGLFSNRFSHQAWFQYLQGLQIQQQLTAEKPEELIVSDSNEVAEIIRQLVEEIKRYGGSVSEDLRLVACQGNLSIKAFNQQPKVLIDIPLECMPLLDDFEFEVNGNTLISTPKKELLNPTSVKTMSLMVELYNKADKVTQWKEECPFFSLSQDTGLLIKLCDGKSFNAKVNIHKQLALEGKWDELFITSFFGSRKFAYESRLYKRKEEGHISGLLSIIDFFNHRCGASPYKLSDKGISVSAVPSNAEAEVFVNYNQFDPLLTYLVYGFVDRDSDYLFSIPCHISLADLEFEVFGNTAVLDAENQSNRTSHLAAFLPNIAVKEQSVGIDKLLITPKHPELLREAIQTVLLSVMDKDKINDVILADLVKSFEKQLLTQNISYWREVEALAAESALENSVIDSVNLLCKESKSMIQRYASKHSITLF
NZ_JXXW01000017.1,Pseudoalteromonas piscicida,sulfotransferase family 2 domain-containing protein,WP_045962962.1,,14730,15401,-1,671,MISHQHRCIFVHIPKVAGQSIESAFLNELSLTWEERAPLLLKKNSNPKKGPPRLAHLTASEYVQLGYITPEQFHDYYKFSFVRNPWSRLVSEYTYKQHPFSFKHFVLDYLPSCDSDDYQNHIGNLRHLVPQHCFLYEGNDCLVDTVGKFENLMNDFETISQRVFGHVVDLPYRNKTTKRHPLLEKLIGKKVKPSYQSYFDNETVEFVADFYKRDIELFKYQFE
NZ_JXXW01000017.1,Pseudoalteromonas piscicida,oligosaccharide flippase family protein,WP_045962964.1,,15403,16602,-1,1199,MLKLLTTALGFLVNWYFAQKLSTDDFGLFALFQLLILFIVAISKCGLDQAAVRFIASQQQADIARFLPRVYAVFFTCISITVVTTGLFCHFYSLLSISGISTFQFWTLLHIASFATAIINLNACIFKGLSKPSLFTTFSGFASLCILLFGATIMHLSTLTLVLYLVTSALCITAITSLFIVIKLRPPSTTTPQPRYSFWISAKAFWISGLVYLVVQQGSQLYLSTQVSLSQLGVYAIVTKLAMLPSIFLFALNSVTAAKFAKSYSQHRLDEVKQLFSLSQSTSIFVAAITILLFYFYSEYLLGIFGEDYKQGELWLLVLIAGQVINLITGPAITLLTMSGQEKTYQNISIFTAAITVILAMHLITNHGPLGAAITTAIAMSTQNLLGYYFARYKILRNH
NZ_JXXW01000017.1,Pseudoalteromonas piscicida,glycosyltransferase,WP_017217134.1,,16634,17788,-1,1154,MHVLFLPSWYHTSQKPTLGSFFKEQALSLKEHGCNVGVIYPEPVSIKYALTCTSPSQLNDAQINTKRNRYFTLPALYRINLKQRMVQYQKLFEQYTRDFGLPDVLHAHSCFYGPGGAAGLAAQQIAQQYQIPFIITEHASAAKLSTTPKFETQLIGQAYRAANQLVCVSESLASILRDRFELDRTIEIIGNVVDSELFTPKEKIQDDFTFITVAHLRPVKRVASIISAFSYITEEHPKAKLLIVGDGEDKQKLKTLCESLKLKQVKFIGDSSRETVAKLMQSSDCYVNWSEYETFSVAVHEALSCGLEVISSPCEGPEYVVKKLNGKVAEDATIDTLTKLMFEVLKKTSCGLNEHNQRHAYIDSNFSRDAIAQQLIREYNAIVK
NZ_JXXW01000017.1,Pseudoalteromonas piscicida,sulfotransferase family 2 domain-containing protein,WP_017217133.1,,17876,18523,1,647,MIEKLTRLLKRWLPLPVYPYKSYMVRKRCIFIHIPKNAGTSVLKAFGYRGYRLHAKWFDYNESNPYLFERYHKFAIVRAPLARLYSAYNYVIKGGNQSEGDRALQQQVLSNARTFTEFVDKILTPEFVLFQPLFQPQSYYIFDSQYQCKVDTILRYESLNHDWRKLCILKGWKMELPWLNKGASTLPETLSPQQLEKIQCLYKVDYELLGYRFNE
NZ_JXXW01000017.1,Pseudoalteromonas piscicida,glycosyltransferase family 4 protein,WP_045962965.1,,18516,19709,1,1193,MSRNTIILTSNAYLPNIGGIENSLMQLSKAYHEMGFRVVIIVSNVNTVNKQTLPFCETTEYATIWRYDVCFHGQQHSKLKASLLGWQNMRRCFRAARVEFGNALVISRYHITTIHARLAGFSRVSYLLPGVVKFQNQPSNTHKVEGLRQVKQWLVLFYHHAIQKLALQVTEKNFVFSSNMLNQLAQIGFDCSKVTMVSPGVDTNKFLSLDVNAQTALKGKLGLPLDKNLLLVVGRFTAAKGVEYAIRAQKELLHTHLVLVGGGELEDYYKSLVVKLGIEECVTFVGAVSDTSPFYQVASLFLMTSTYEPFGQTILEALSCEVPVIAFRAGETVKTATCEMLGDDACFYVNTLDASDLAKTISCALADVEKRAQISRNGVAFVRQKYSWNALAKSLIK
NZ_JXXW01000017.1,Pseudoalteromonas piscicida,Ig-like domain-containing protein,WP_045962966.1,,19762,20001,-1,239,MKRSIISTIIASALLSACGGSSDNNDNDVIGGQGNFTVETSTAFTTQEDTTYTLAVSPKSAPSGNDTLTVEVIKPPTLGTLTSSGLSLSYQPAPNKNGTDSFTYKFKKGGVLSNEVTVDITVEAINDAPTISGTPSPEAIKLNDNYHFTPTVEDVDGETSTYQFGITNKPSWAEFDTTTGELSGKPANIEQLGNYRQIVISVLDGEHSVSLPPFDIAVVSQPWQAFSEIPNDLGSHLQSATLGKEIIIASHAASLSSSMSCANAPLSAPEIHSLATTNTDWQALPSANESRYYYQAQVSNNKLFLFGGTEACPSTSTPKETMEIFDFSTQQWTSIAAPKFAPFENNVLASCANNDTIVAFTQQGNTTYAYQLATADTTWSHKPASLPNLSITDCQFIGNELFITANNTQEQQAHLIQYQLSSTQILLNEQVPAELFGSYYTLTHNEQNIQLHSAAHVLNYDTQTMQWSNLSSNPSATEQQGSETYYLRDFKMESVDQKQYQIGGAFTTQMTSRIYQYNPTTE
NZ_BMDY01000004.1,Agarivorans gilvus,GspE/PulE family protein,WP_055732161.1,,1,1346,1,1345,MNPSSNSLSYNLLKYGVTEDDLSKATSYQEKFGGRLESILVNLGSLDENSLAPIYSATLGLPLFDDLAANNYEVTFADPVLDTTLLSSERWFLINLGSEQALVTDNPLAIGPLQHVNQLSNKLTVYIATPSQVEDLARNYENYNESPSVAVALDNIEEERLREMASEAPTVNLFNSIISKGLKLGASDIHFEPVNDLYRARVRVDGVLHELEKIPRRLNLPLISRIKILSGMDIAEKRRPQDGKIELKVSGVDLDIRVSSLPLNDGESMVLRLLKKTSISYEIESLGVSSDVLNAIQEDLSKTSGVVLLTGPTGSGKTTTLYTLLNELNDPGVKIITLEDPVEYQLDGVNQVQVNSDIGFDFSAGLRSIVRQDPDVIMLGEIRDKETSRIAMQSALTGHLVFSTVHTNDAPSAFTRLIDLGVEEFLLNAAIVSVIAQRLARKLCSCATLVDDAEQSSLIEKYNLHDIARRFELADIRLRTPVGCDDCGHTGYKGRMAIIEYLRCDRHLAALPKDETFLDAARSYNSSKGFRTLFEDGLYKAVQGYTSIEEVIRVAG
NZ_BMDY01000004.1,Agarivorans gilvus,type II secretion system F family protein,WP_055732160.1,,1347,2540,1,1193,MATFKYKAYDSAGNLHQSQLDANDTEQAVKELKALGLNPVKLSELDKSINLFEKKRLTANDIEFFTAELSLLLKSGVKIDRGLDIIRKSKGSLATRNLLEQISTGLKQGENLSDLLAKYPEYFDSLYINLVRMGEATGTLSVVFKNLAEDLKFKKDLKRKTLQALVYPSVIFSVCVLCILFVFNFIVPQLSTLFDNVTNIPSYTMALLGLSDFFVNYQLYLLLGIIFLIMILRYTFKQASGRVKLDRILVYLPLTSGVTILLDRIRFNASLAMMTQSGISIDKAILLALDSVKNSVLKMQLLTAQKRIKEGGKLSEHFSKSLIYPEFYVSLLEVAEESGEMSIAFEEIASRSKTDFESWTAKLTSLLEPVLILFMGGVVGSVVVIMLLSIVSINDFG
NZ_BMDY01000004.1,Agarivorans gilvus,prepilin-type N-terminal cleavage/methylation domain-containing protein,WP_055732159.1,,2544,2939,1,395,MKSINRGFTLIELLIVLTIGMLAMSLVGGIGLNMMAKVNVHRDWLRLNNVLKEASYQSYLCGCTYQFYFYQNIVTQSHEEASKQYSFDNLEFPEQAVTYYSTGMPDKQILYIKKDGKDMSIDLIDMLLPKS
NZ_BMDY01000004.1,Agarivorans gilvus,prepilin-type N-terminal cleavage/methylation domain-containing protein,WP_055732158.1,,2965,3387,1,422,MYKSPVSKGFTLIETLVAALIMFMVLAVSTQLYHSSVVASQKATASLILSGQFEEARILVKNEILRRHNSDAIAFSGQMGDITYEVEAELIASSTRQKVFNPETGNYDQPKNIYKLWDVKLLLINVNSKRTIRYKELSWP
NZ_BMDY01000004.1,Agarivorans gilvus,prepilin-type N-terminal cleavage/methylation domain-containing protein,WP_055732157.1,,3384,4052,1,668,MKNNKGFSLVEMLVAMVLLTGVISVASFAYSQFSRYWEGSVGRFYDEFYEIRQKNIVRDIIGSVIPYVAYNKNEQSRYYFEGHASGFVGISRNSFSFPGQPAVIRVFSEQNTDFTYELIYQESPMYNSYLTSTTEQVDFTYQITIDEGLQSVAFKYYGVTEEDVGELEQRKLDWFNDYNALVRMTPPERISITWTDNDIEKGWYFELTKPDISLGRFTKGEE
NZ_BMDY01000004.1,Agarivorans gilvus,hypothetical protein,WP_055732156.1,,4052,4960,1,908,MLRARITKQRGVALIQVLLISALVMMLALQISFDTKSQLKLATGYTHKVNAEAQIYSAKSELLYTLITQNHSKQINDDGLVGKWNFYNAPFFIDQVEVRMQDAAGLHSIIASPSSRLAQQLVYLGMPESTAERFSATFLNWQAPVSDWQFGGVTEQELNDLGISPRHGPMQFSSEFEQIIKALLAADNIDESDLISRIKCCFSMYSAGDLNLLTAPEAIWGALVGPDYVERLSAEREMGSLDRASFIGITGWQSQESVGFLSSSTVLIEFKATSGDISQRLKLDVTLQPESSNIPFLIRKRS
NZ_BMDY01000004.1,Agarivorans gilvus,hypothetical protein,WP_055732155.1,,4966,6099,1,1133,MKFAVPIIDALSAILTSKIGLYSEALYKANGGKGQAVTWHKASLEAFKPKIVILGREHYQELSKEYSVPSIKELKALLSYESLDKNKNSVVFNTINRIEESRYKVNFWLVPATLMAELSKSAWWVLPESLLLATNQKLVSITTLSGQLYVASQAGGVTSSMDKLGCTSVEHFKWMSSLSAKVPLVDVTIDQYPALLLQRIYEKISIWPLNFRINKAKQNAINKQSVIKAALISSVLAGGYLAASSLYLGYTYQSLTKQYAQQSSSVSKYVVMQREVAGLIKQYEQGQTLLNDMDLSWRVWLVLLPIVDSSTSLTQVEFEENQVVIRGLSESASDVLSKISLQPGVVNAKFINAVSRQRDKERFAISFYLQDLVDDAA
NZ_BMDY01000004.1,Agarivorans gilvus,GspMb/PilO family protein,WP_055732154.1,,6086,6670,1,584,MTLLNNRKLLVSILAVLAVLRFVVVPIIDWQNTKASEIESLKSRLEKSKALVAQSDYLQSVKQQVDEQLNNQQQVFFHGDADSASQLKQLQNVEKLLKARELNLRSSRWLGKLDHDSYTELRLEINITGELIHFIQFISDLETQPLPRRFVEWRVNIKGMTETEMGRLTRGSAIIKILVSPTRQSGNTKEVDDV
NZ_BMDY01000004.1,Agarivorans gilvus,hypothetical protein,WP_157051643.1,,6660,7208,1,548,MMFNTIYKDHVVVISVLLTLILAFLDFNLRLTSQQDIDTQAQRLLAPEAEAFAVLLPKHLSMLNEKMAPFMVDKQQATEQIDEQNSTVIETESMSAELQAQQNGLVEHLYIGDYRYSLLAVFMRDIPFAVFIKTDTRDGTTETIKLSLSSSIEEYNLKSIAADSVMFTAEQREITIKLFQSS
NZ_BMDY01000004.1,Agarivorans gilvus,secretin N-terminal domain-containing protein,WP_055732152.1,,7205,9334,1,2129,MKTKPAHILKLRSLTAGCFVLALSSCATTSNKDQAESAREPFKVNQSYLAGANSNNVGSDSYESQLETSEPGQFNSLTPLPAKEQQVSKSVQLSLNYSNEQVVSVAAQEMPIIDFIHYSFGEVLGSSYVIDQSLNTFDKPITLNVPNALTERQFFELVISLLDANGVSYLYDNDVFFLHLKQENKSKPVTLGLGVNADSVPNTSDEIVQVVPLKYGIKISVERTLMQLVDAKITADFEQSALFIRGKRENVLRALDIVRILDSPANRGKHIGLLNLTFITVEDFSAQVATLLGNEGLSVAVGEHNNKNLVLVPLAQIGAVAIFSSHAEGVDRVRYWAKLLDKPSMVETRQYFIYHPRFARASDIGDSLAPLIAARSGGVTSSRTSSARNTSNNTQSSETTGQAPAKASAQIGAQSDFLTFVIDERSNAIVFYTSGKEYQAIIPLIERLDVMPKQVMLDVVIAEVSLTDEFSLGVEFALKSGSISLPSGFPGASGGLITSGATGGAFTISGADGALIATALQTNQFVNVLSNPSLLVRDGVTADMSVGTQISVVGSTVTDDVGSGDKSKTNVEYRKTGVEISVTPTVNAQGIVIMEIQEKISNEVKGAAGAEGNPNIFERTLKTEVVAESGQTIILAGLVSSDVSTNDNGVPVLKDIPGIGGLFKSQSKSNSKTELVMLVTPRVIHRTDQWKLITSDFQRGIDNIKFAQP
NZ_BMDY01000004.1,Agarivorans gilvus,hypothetical protein,WP_055732151.1,,10001,11353,1,1352,MNLFKKTLLASAVAVISSGAMAVNVTPDNGTLQHSIEGISTAATVVGDDFTVVLGAEYKADDIITLTFSQPLAEGYTPPTTVTSTNVAVAEVTIGLLTGGAGDTELKYRVTNIDTTADTTTIGADLSFAGLSFEGDAVRSAKKVAVSYKAETNNGVELDKAIAPNSSTADLLAVTQQFATMVNTKFDGIIDVEADRKLFVTPANALANDDTIEVELTDAAQADISASLTGVTYTINGNFGFLDTDADTDGIQLGANTVVVDAGNVDSVEADKIVVSHTLAAPIILTLDVQEDVIIPAQKFSVDTAVVYDDAGTDGAGANVSEHTDTNAIADAGEWKLNGASIDVIYVPYGEAVEQFLWVTNKGSQDGVITVTAFDQNSVQYGPYTIGTSKANSLVRIADEVKDALEADGLTGERVQLNVTVNVPSDDVQVYAAYKVTADSDRLTLPTKKL
NZ_BMDY01000004.1,Agarivorans gilvus,flippase,WP_055732150.1,,11546,12841,1,1295,MLRHAAVRSSLWLIVEKLLSMAISLAVTLAIARHLAPEQFGTLSYLLALAALLVPFSALGLNAIITREVVQRPADEQQIMGTALTLRLCGALLCGGLCLLLAPLYLPEHQRFMFTLLLLGNLFTSFTVIDYWIQARVDNRYAAKMRLMVLSLMAGLRFLAVYFEQSLSMFVYLAALEMLLMGLGFTFLYSYRGGSLRRLTASIKEAKYLLSQSWLLMLSGIAAIIYLKMDQVMLGWLSSSEQVGIYAVAARLSEVWYFFPTAIVTSFFPQLINHRRNAPNTYKLQLQKLNDFLFLGAFLVAILVQFVAPWAINILFGAEYALSAPVLVIHIWAGVFIFMRALLSKWLLVENYLFFSMLTQFTGALLNVLLNYWLIPLYGATGAAAATVLSYAAASYLALFFHKNTWPMALIMTRSLVLPLRLVVFRTGLYK
NZ_BMDY01000004.1,Agarivorans gilvus,nitroreductase family protein,WP_229711104.1,,13122,13925,1,803,MQPRREVFGLAFIQETVACYKRCVNGDNVNQQELKWAHDVLSKYFLAVAAGKSEVVDGARAMFNDIAAKYSTEKEFSPYSYQSLEKASVSFEQFKQLCVQRRSVRWFKDQPVPRELINQALSAATLAPSACNRQPFEFFVFDKVEEAREIGAIPMGTAGFSHNFQCVLVVVGDLAAYPYERDRHVIYIDGSLASMQLMLALETLGLSSCVINWPDVENLEREMSKKLSLKANQRPLMVLSIGYADDKGMIPYSQKKDVNELVKEVSL
NZ_BMDY01000004.1,Agarivorans gilvus,polysaccharide pyruvyl transferase family protein,WP_055732148.1,,13922,15082,1,1160,MIIELKGVEFENKGAELMLRAILQRIEEYWPEAEIALTPSQKASFKQRASVGAWQKLSLRKLYLDLNCITYWLPTTVRRYFRKWGVVTEADIDVVIDASGFSYSDQWSPKMSIRHLCGEIKRNNAHGKPYIFMPQAMGPFSDPGVRANIARYFPKAALVCARESETYKYIHDITGDFSSLKQYGDFTNAVSLVDDCFPMSNGKMACIVPNKNMVNPRNSNKRWLNSYESTLLNAIAIYRAKGLTPFFLNHEGHEDGLLISSLNEQLDQPLPVIEEADPVKVKSIIASSKAVLCSRYHGCISALSNGIACLSTSWSHKYESLYEDYLAKKLLISPDISKPQLEALIELSLNVDSSLHEDIKLKAEQYKKETEQLWLEVKRVVDTVKK
NZ_BMDY01000004.1,Agarivorans gilvus,glycosyltransferase family 4 protein,WP_055732147.1,,15079,16287,1,1208,MKTVLITSNAFYPNIGGIENSLYYLAKSYLESGHKAIVVVSDVNSVNTTMLPEYEMFEGIEVYRYSCFQNMPKLFRPLRGLFCFFSMLTLYRRIKKASAPDLVISRFHSNTMVSKLSGLSNITYLLPGVVRFQNSPSLLSTNSRCLEKLKKLIQLRIHSFVQKRALLAADHLAVFSLNMKRQVQTCLTTPRDLLLCKPGVDTDYYRPVKELDKAEIRKDLNIPQGKPVLLCVGRFVAAKGIKYALEAMLTLKDYHLVIVGGGEEESQYRNFVLNNNLESDVTFTGVQQDTLKFYQCSDAFLMTSVYEPLGQTILEALACGLPIVAFRSTGDVVTATNELLDDSEAIFVDDLSSTSLAKGVQSLFNNTSMRNSMGMQSREIAKQRFSWNHLASKLVSNAENDE
NZ_BMDY01000004.1,Agarivorans gilvus,hypothetical protein,WP_188407306.1,,16217,17515,1,1298,MPNNDFRGTIWQVNWLVTQKMTNKTFSLKYTYIQIFFFLNIVLLPFFDNISGVLFKLGIMGDGSIGSPSQLGRLLATVFLIYLIFKYCKNTSKILSIIIFSYFLLVEFSVAVIHRELVPFLYGVVMSSKVIFFFLFIILVKDLAEIKKVDMGVIESWLITYGTLISFLVLISYLSGFHISNYSKGIATRGLFVSGNGLGVVMGSCLLILIHNLKSFNLIKILHISLLFVTTTLIGTKGSMIFSLLALIYFLFRLGFKFPILSTIFVSTFLCYFLFPIVDLLLLVFENIIYKFNNIDNKWVLIASSRDKFILDAFEQVNWLGAYALRFIFGGGGFYAYMNFDSFFVNPRKLLENDIFELFFSYGFISSFSYFLVYAWGAFVAIKYKCYFYFILLSLIFFHSITAGHVVFNGTSAIMFPLVLACILSTRRKVCD
NZ_BMDY01000004.1,Agarivorans gilvus,glycosyltransferase family A protein,WP_055732145.1,,17508,18434,1,926,MISVVIPLYNKSNYISRAINSVLNQTMAVHEIIVIDDGSTDNSAEIVSASFPMVKLISQSNSGVSAARNTGILHSKGEYIAFLDADDYWTEHFINNINFLIKRYPNAQAFCTNYAFKEKECIYPAKLKCSNEITSILDDYFDLCCNADLPITASSVCINKSLLEEEIGGFPQGVAMGEDQIVWAELACRTKIAFHSHISVYYDRDVQDSACKTNHIYSPAPQVYVYKKLLAENKVPRELVNSLIHLIHLTVLSCVKNNLLVGNRKKALTILLSKGYLKFDKYRLMGFLLLFFPRFFVAKIFSVSRNDK
NZ_BMDY01000004.1,Agarivorans gilvus,WecB/TagA/CpsF family glycosyltransferase,WP_188407307.1,,18436,19170,1,734,MHYILNKIKSSPCIENDLFSITRERKKGQPRVVSFVNPYSYMLLRNREEGYLVDHFYSDAITSSFFFSMLLSIKVPRISFDYGSFAKTFFGELSHSEDTVYFVGAKQNEIEKAVLNFKENYPKLKICGFSSGYFDHVNSKQSVIDNIKKSNAKFVVCGLGTPLQESFSREVIDNCESVSRIYTCGGFLYQSTDSINYYPHWVNKYNLRWAYRITVENYVLKRLLNQYPKFLFYVVKDRFANGRN
NZ_BMDY01000004.1,Agarivorans gilvus,acyltransferase family protein,WP_055732143.1,,19157,20001,1,844,MAVIKAENFRSDINFLRAFSVLAVVFFHFGIDSVQGGFIGVDVFFLVSGFLMTKIIVSRLKSNNFNYIEFIFFRARRIIPALFVMIVAVFIFSFFLSFPTEIRQLGKHAVGALSFTSNEIFSSESGYFDPHSKNKVLLHTWSLSVEWQFYLIYPLVLWSANKLFGKSMLTTVVFVLLVTSLLLMLLGDYQTWFYYSLFTRAWEMCLGGLAFLYKPELSVKTRKALFFVGFFGLILSVLLVSEAAQWPSNITIIPAFATFVILLANYNFTPASNKVLSILGLSSYSIYLWHWPIYVLMFRYYGELSIQQTLNGIFASIVLGWVSYNFVENNFRTLRFRFINIAGLALVCALGVGFAALAFIKNGFPAYSHFSKAVVLADSEALNREPRKAECLVDNLAASPHCIYGDPEGELALIVFGDSHASAMVTAVAQSLPDTSHLVFVAKAGCPSISQGDLGRKNSQACLDFVNRELSRIQRDYPKVPIMVINRWSYYLYGEAGERKLNLTKQQFLAKEKLLANGLHSTWCGLVNERRVIFVTPTPEFDGNVPKAVAKSLAFGSVMPSVSLEDYQNRNRVVIDSINALHEQCGVDVLYTKDYLCGEEYCDAQLSSRPLYFDDNHLSEFGNRALTSAFEGLFIRHR
NZ_MBQA01000161.1,Pseudoalteromonas sp. BMB,type II secretion system major pseudopilin GspG,WP_069020776.1,gspG,1,245,1,244,MKNKQAGFTMMELLIVIVILGLLMSLVAPKFFAQLSSSERKIAAAQMSAFETALDTYRLDVGSYPSKLEELRSSSNKRWNGPYLPKAIPNDPWGNAYVYKLSGEGETPYLLKSLGADGQEGGEGKNEDIVHM
NZ_MBQA01000161.1,Pseudoalteromonas sp. BMB,type II/IV secretion system protein,WP_069020778.1,,247,1890,1,1643,MESILVNQYDVSPTDLANAKQYQKKFGGRIENILVNMGSLSEDQLPHIISLSLDLPLFDISFLDTLSSFEGSSKEITELIELGHLPFRVTEHCISIASTDPLDVKLHDWAARQSCELKFFVAAKEDLEAISRKLFTSKNTEFEIELTEEEEKLRALASEAPVVNLLNSLISRGLRQGASDMHLEPFQSKYRVRFRVDGVLHEAEQIPQHMELPIVTRLKILSGMDIAEKRRPQDGKIEMKIANEELDIRVSSLPLNDGESMVLRFLRKESINYDIEVLGLSDDIKSSLLGDIKKTAGVVLLTGPTGSGKTTTLYTFLNTLNNDDVKIITLEDPVEYQLDGVNQVQVNKNIGFDFSAGLRSIVRQDPDIIMLGEIRDQETAQIALQSALTGHLVFSTVHTNDAASAYTRLLDLGVEEFLLNAALISVVAQRLVRKVCSNCSEPVENIDMLVEQYGLQSLADKFHIKTMNLRKGKGCELCNHTGYKGRLAVTEYLACDETIRALPKDSQFITSAKAHNAKNERRTLMEDGLYKALQGLTTIDEVVRVAG
NZ_MBQA01000161.1,Pseudoalteromonas sp. BMB,type II secretion system F family protein,WP_069020779.1,,1890,3092,1,1202,MKSFDYRAYDQSGAKFEGKISALDKKSAYEALAKDGLVPYEIKVNDSQKKRSFFGESKVSLKDIEFFTSELSLLLATGIRIDKGLNIIARTKAKPALAGVINSLSSEIKSGNSLSQALRKHDKVFDSLYCNLVELGESTGELNTVFKGLARDLKFRRTLQGKIVSSLTYPAVIFFVCILSIFFIFNVIIPKMADMFSQAENLPWYTELMLNLSEFVTRFQIPIIAASVFSVAGLVSLFNSKKYQGLIDRLMLRLPILCNATLTLERIRFNSGLALMVNSGLAIDKALELASNNIKNTILTSEVNIAQKKVKEGESLSKTLSQTSIYPPFYISLLEVGEETGSLGPVFDEISSRSREDFESWTERLTAILEPLMILFMGVFVGGVVVIMLMSMVSLNEVSF
NZ_MBQA01000161.1,Pseudoalteromonas sp. BMB,prepilin-type N-terminal cleavage/methylation domain-containing protein,,,3093,3152,1,59,
NZ_MBQA01000161.1,Pseudoalteromonas sp. BMB,type II secretion system protein,WP_254663623.1,,3189,3491,1,302,MTVSAIDRATEKSELQETKLWLKNLGNRAFLLGTEILVEVERDKISIYNDVSKTSMLDSKAFKKLEFEPTLVRVNSQGFASPNSISFRYLGNESHFQLND
NZ_MBQA01000161.1,Pseudoalteromonas sp. BMB,hypothetical protein,WP_249031224.1,,3514,3927,1,413,MVEILVSVVILVTTITGVSMIYRGALVSSEKAQSHVAMAAKIPAILHQAQKQIRAAEFNSTQLSDQTTLGQVSYEWQANTISKKEIRGNNRAKNESMIEQNLDYNEYKLWRVNLTVKFKGAQEQFEFYEVSWKYASR
NZ_MBQA01000161.1,Pseudoalteromonas sp. BMB,prepilin-type N-terminal cleavage/methylation domain-containing protein,WP_069020782.1,,3914,4588,1,674,MPHDNRGFTLVEMLIAITILSMVLVTGNYVYFQLVSRWDSQLGNFQQTAKSTKLVYQLDRLLSAIQPYVIRNEQGIPVFLFEGGRSSILAVASSGLIYDQQPVVFRLSLIKDKSGNKLIYQSLKLAEQVVSSAQQQLNFTQSVVLLESVDTLEISYFGWRNLSDKAARVEHPVWQPKYSGIEQELVPSEISLTLQLGQQQLAVVTNLDPNPNRWLRHYFDSSNI
NZ_MBQA01000161.1,Pseudoalteromonas sp. BMB,Type II secretory pathway component PulK-like protein,WP_069020784.1,,4585,5445,1,860,MIKNNGIALIQVLVLTTILMIVAVFFSKTAKEQVNFSSQFQSLAKASVELHSVANLTLFNLLTFEKKPNDTYPANLLGYQETWNYHGAPFQASEYATVSLQDMRGLLNLNYPNQQRVLQVLTSYGLSHYDAKLFYDTLVDYQSVEEGLQRRNGGAQYKHGALNSAFELANVTDDLKLIHFFEENSTVFKSSSFNPMTAPDALLMLLLPSQEFRGIKLLRDAKQLSSKAFSDITMIQENSGIILYPSNNYRISISVDINGTKVVKTYYYLLKPAKTNPVELVSVKIK
NZ_MBQA01000161.1,Pseudoalteromonas sp. BMB,hypothetical protein,WP_069020785.1,,5448,6563,1,1115,MKNTLVNKLQQWFFCRFVNYYDNGFYDFKFADGKLQLEPVKKSKALITIYARPHYQEAVVKLPTTDKKQIKKILVAKREAVARDSIMLAGDIVVSGNQASINSWIYATTLPSSWIMLPETLLLAKSQSFYEVCDYSVGKAFYCALFSGLCFSGFKTSLISSHDRFAHSVGVSFEQTNTIELESTRNTLLLKGLKSEITNLPLFINKGHGVSLTKDLQSYGMIFGALFAIYLFVSSAFLAFYGVHLEGRLEGQKESVDTALNAINRFERGKLQLEERVALFANFDILSPTVKVIDALSQVSEVQSMEKSDSRIIIRGVAPSALAVLESLQQLDNVSDARFDFPIRNSGSQEQFVASFILDTSSAKVKLGEQW
NZ_MBQA01000161.1,Pseudoalteromonas sp. BMB,hypothetical protein,WP_069020787.1,,6563,7123,1,560,MDEIKNKRGLLSILAILLVLRFIIVPVFDWQEQRTAEIKQIEARLEKSSLIVKNQQSLDTAKEELGKRSDTLKLFIYPAANEADFRFQVQKELNEVISRHQLEVKNIGWLTRLEIESAALTRHQVRISVSGKTVNLQALLMEIDSKLNKVFVSEFKSTFKYLTSDSLGLSEATLVLAMYAQQEDEK
NZ_MBQA01000161.1,Pseudoalteromonas sp. BMB,hypothetical protein,WP_010368598.1,,7120,7632,1,512,MTRNKLLFGVIIALGLMLHGVQSFSLVGEQTKVYDINLNLAGSALPKLNQPSLAAVSNVIEKYKDSSNTNSSSDSMSNDAKRAQTGKLFDFYLEDKQLRLKGVIGEGSRRFAIIEAIDVASQQPSLIRLTDGQQYQGYNVSIVDAKQVTFSRQEQKVTLVIYSNESLANG
NZ_MBQA01000161.1,Pseudoalteromonas sp. BMB,secretin N-terminal domain-containing protein,WP_069020789.1,,7641,9689,1,2048,MKKFSQKLVLSSVVLCILSACGSTPRGVQVKDSYLTNADKNTNRSTVLLEKNKSSQKKVDFSGFTYLSAADSQRVESSEASELELQFDESHMVKLSIDTLLIRDFLHYVYGETLGINYILGQELSESKDKITLNFQKELSKRELFEISRDMLEERGVTLRTNDGVLYIHKDSEGTANNFVYGYGNLIEDVPNTSNEIIQIAPYQAGVQASLAGTIKQLTRIDVRQLFEQKALLIKGKRRDVIKALEFMHLMDQPAFRNRQVAMYKAEFVSSEELSKDLLNLLKQDGISASLESSDEQAVSVVPIQRTNTLIFFSNDKRYLSRVAFWSEQLDKPADGNEKQFFIFEPEFARAVDLGQSLQRLFGQGSARLTASTSARGQNESNQQDTSAQPSNVAVKSDDLNMVVDERSNSLIFETTGEKYRSLLPLIKRLDVLPKQVVLEVLIAEVKLTDIFKQGVTFALSNLGADITGGFSLESKSDTGLTYSLKGASGNIALNLLETNSNVNVLSRPTLAVRDGVAANINVGDKIPVVGEIITSPDVGSQTSVNYLDTGIELTVTPTVNAQGVVLMEIEQKISSQSTSGSGAGGNPIILDRALKTEVIAGDGQTVMLGGLIDEKSTYNDRRVPFFSDIPLLGKVFDGTDNNVVKTELVVFVTPRIVQTTDNWDSILNEFKQTLMRLEVTN
NZ_MBQA01000161.1,Pseudoalteromonas sp. BMB,hypothetical protein,WP_069020791.1,,10001,11317,1,1316,MFKKSLLALALAGVSVAANAGTVATSGAVNISLEGNKQAGSSVIAAADLGTITIDNGAEYIVNDVFQISLEGAEFDTTVNPTATTTGAATFAFVDFPNATTARFRVSTANNPDAAGGVITFGGFSLKTGSAADKGTIKFGAKAISVNASIGDYDVSKATTVATFRSQLTSALTKLDGEVSTSKGRKEFTNSGSTLKDVLTVDFTDNSGDVDAITFSKVTHVLKGDFSYAIDYDADKDGKLSATELASAFTVAGTDDTYVLSINDAHTELTVTQTAVGTLDDITVDTNVKGETAKGSVITAPQSFTLASTATNAGSTASVAIAAKDAGKWTLDGSNDNITFMPFDAQYAQSINVTNTGSVVGAINVTLTAGGMSYSKTIDQTAAAKSVTNISQAVKAFAAESGITGNAHINVVVNAPSANISVDAIYYHKADADRVKTY
NZ_MBQA01000161.1,Pseudoalteromonas sp. BMB,DegT/DnrJ/EryC1/StrS family aminotransferase,WP_069020793.1,,11442,12539,1,1097,MKYPIVKPYLPKLETYQKRIADIYDSGWVTNNGPCVQELEQALADYLDVEHVLLVANGTLALNIAYQALGISGTVLTTPYSFAATASSLITHGASPEFIDIDGKTLNIDITTATERQLQSASAVVAVHVYGNPCDDAQLQRIAEQYNLKVVYDAAHTFGVNYQDKSLLAYGDAATVSFHATKIFHTIEGGAVIFKHKKDYLKAKEIINFGFNKQQFPDCVGTNAKMSEMHAAMGLSLLPQFEEIKVHRQSLYQHYEAALSDMVDTIEWMPSSLPNGSYFPIFLQNEAELLSLVDVLTQSGIQSRRYFYPSLNEVPAYGMKGNTPIANDISRRALCLPMYTELTKQGVDDIASVVIEHLKEIRKAK
NZ_MBQA01000161.1,Pseudoalteromonas sp. BMB,acyltransferase,WP_069020794.1,,12539,13114,1,575,MSHYTREELLALGFAKVGQNCLISKKASFYGTKNIELGDSVRIDDFCVLSAGEGGIKLGCYIHIAVYACLIGAGAIEVANYCNISSRVAIYSSSDDYSGEWMTNPMVDNAFTNVEHGTVTLQPHVIIGSGSVILPNVTLYEGAAVGALSLVNKDLEPFTIYAGQPVRFIKPRKRDLLKWQLDFEHKLSLPS
NZ_MBQA01000161.1,Pseudoalteromonas sp. BMB,TDP-N-acetylfucosamine:lipid II N-acetylfucosaminyltransferase,WP_069020795.1,,13111,14133,1,1022,MIIHIFADTPHHFRPMQAFFSKLSFIDQEFWVKSENDETLLQQGFKCYSNNDELFHLLNALPDNARVTFHGVFDIHTWKRLLLHPITAKSNCVLWGAEIYRHQKPGRNIKERLARVIHSALLFRFNRVFALNQGDAELTSKLLFRRNVEVLPYPLIGMKVQETKVNPVIQILIGNSAAASNRHNFIIDMLSKFKAVDFEVIACLNYGGEQSYIDDVVRHGHNTFGSRFKPITKMLAKSEYDQLLNTVDATIFAQERQQGLYVAYAMFLMAKPMFLLESTSSYKDLSALGFELQSTNQLGNMSEEQFDISVKSKSAKNQQLMNEYFTEEALLPRWQKQLSE
NZ_MBQA01000161.1,Pseudoalteromonas sp. BMB,MOP flippase family protein,WP_069020797.1,,14139,15554,1,1415,MTIIKSALSGVSWVASSTLIKGGLQLLQLIILARFLTPLELGITAAINLVIGFSQVFGDAGLSNAVIYHKSLNKSQLAQLYSVNLIFGALISTIVIVLAPVIASFFSVTELASLLVVLAPVFFIRSLSQQILAKLQQEMRFNLIAKIEVLSQVLAFSVVIGALLYEHTIWAVVYGQLTLASVLSICYLLFSNEHLLAPRRMHWAEVSEPIKYGLYQSSESLINYGSAQFDQLIVGKFLGPEKLGIYAYIKDLVFKPALQLINPIVNKVAFPLMVKFKESHSIKKMYLSMLGLLSYINIPLYSFIALFPELVLNAFFGADWVEHASVLQWLSLYMLLISVMNPVGVLMRASGEVKRAFSWNIGVSLVRPIVILLVISSGLISLTFGLFVLQVFLFLAHWKVLLQPAAQVGFSELLNAIKLPLLVAVCICAFIVIARLYIASQYQLLLAIISCALYMMFILPQLISQLKNLRS
NZ_MBQA01000161.1,Pseudoalteromonas sp. BMB,asparagine synthetase B family protein,WP_069020799.1,,15556,17328,1,1772,MPGFSASLLSKSNENLGDFTAGDVCFSNDVGFSFEQNLKAQRKNIAIERLERDGIVITLWGDIFSIAGIDCKAADALNEIHLHYNDNTLKAFLANVNGYFIISIIDFNTEQVTLISDRYGMKPLYLWMQEDTLLGYASEIKELLNLQTSEVSIDLASLNTFIDIGHCLGNTTLFKQIKRLEPAAILRVALKSRTTELVRYWSWNDIQPLEGISFDDAVSKLGLLFDQAMRRAISTITQDKLAITLSGGLDSRALLAGAAKYFKGDIHTFTFGEAGCADHVIAKHVSDVASATHHFIGIDGEKWFCGRERGVWLTDGLKNVLHMHALTSVAEIAKHSNYLLNGFLGDVTAGGSYIPSETDKENVFSIVKQKYGKHFSIALADEGYFDFDCEESIFIYNRGMRFIAAGSDLLSHELHQLKPFMDNDFVDFLYGLPSAFRKDGKLYHHMLLNTYPEYFSDIPWQQTGKPISKSQSPKSSSSGMKSTLKAFIIGTPVERWARSLYRRVFAKHHYVAYDLWLREPKFESYVYDLLLTDSHLSKILSCSEIKQYIDAFYRSKKPIKPEIIGSLITVELFLRQLNDKGFKLGSSYDL
NZ_MBQA01000161.1,Pseudoalteromonas sp. BMB,"dTDP-glucose 4,6-dehydratase",WP_069020801.1,rfbB,17373,18437,1,1064,MKTVIVTGGAGFIGSAVVRHLIGLGDFRVVNFDKLTYAGNLDSLESVAQHTNYFFEHGDICDESKVSEVFNKYQPDLIMHLAAESHVDRSIDGPGEFITTNIIGTYVLLQCARAYLNKNQKVADSFKFHHISTDEVYGDLGHTDKLFTEQTSYDPSSPYSASKASSDHLVRAWGRTYGLPTVITNCSNNYGPFHFPEKLIPLVILNALEGKPLPIYGNGSQIRDWLFVEDHAKALVKVALSGKVGETYNIGGHNEKTNLEVVQTICSILDQKVTKKPNGISKFSELITFVPDRPGHDVRYAIDAGKIRRDIGWVPAETFESGIEKTVSWYLNNLAWCERVQSGNYLRERLGVKS
NZ_MBQA01000161.1,Pseudoalteromonas sp. BMB,glucose-1-phosphate thymidylyltransferase RfbA,WP_069020803.1,rfbA,18434,19312,1,878,MKGIILAGGSGTRLHPITEGVSKQLLPVYDKPMIYYPLSVLMLAGIRDILIITTPEDQNQFIKLLGDGSRFGVKLTFAIQPKPEGLAQAFIIGEEFIGEDSVCLILGDNVFYGASFSPKLLKAAEVQDGAVVFAYQVNDPERFGVVEVDEDFNALSIEEKPTKPKSHYAVTGLYFYDNSVVKKAKSISPSERGELEITCINEAYLTENKLRVEVLGRGFAWLDTGTHDSLMEASQFVHTVEKRQGFKIACLQEVAFAKGWISKSQLIEEAKRLSKTEYGQYLAKVAQEHIHG
NZ_MBQA01000161.1,Pseudoalteromonas sp. BMB,Wzz/FepE/Etk N-terminal domain-containing protein,WP_069020805.1,,19305,20001,1,696,MDNSQQDTSVNLVNMWLILWKQKLFIFIFVVVSCVLAVVYSLTMPNIYKSAVLLAPHDSKESSALGALGSQIGGFASLAGVNLDSGSNDTLLHLEVLKSKDFLFEFFSKYEVSKVLFGAKEYDKNSEKLLFDEEKLELSSGKWKVNPETGKSFEPTLFETYESFNKLFDVKHNKVTNLVTVSIRSIDPHIAKQWVSNLISELNEQLRQRELDEKSRSIAYIQQQLDKTEVAQMKNVFYTIIEEQTKQMLLAEVREDFAFRIIESPIVAERKESPSRAVICILAAIFSVFFASGLVLVRHFMKELKGSGY